,index,TimeBin,Mean,MeanError,SD,SDError,Var,VarError,Npoints,RMS,RMSError
0,0,5.596906821882588,-0.07227533460802994,1.2234693060301287,27.97975599756497,0.8651234428675034,782.8667456832728,48.41188567841217,523.0,27.97975599756497,0.8651234428675034
1,10,6.227570384230825,7.068292682926824,2.4975781714161163,22.616532254777926,1.7660544615518334,511.50753123141027,79.884055386763,82.0,22.616532254777926,1.7660544615518334
2,20,6.858233946579061,-2.93023255813954,2.7227081598192573,25.24935674873694,1.925245403000143,637.5300162249875,97.22241601843285,86.0,25.24935674873694,1.925245403000143
3,30,7.488897508927296,0.9483870967741926,2.586546841730452,24.9437544185978,1.8289648116442503,622.1908844953172,91.24249820382231,93.0,24.9437544185978,1.8289648116442503
4,40,8.119561071275532,5.585567010309281,2.1965184626509138,21.633197997668635,1.5531730999419113,467.99525560633424,67.20020239139228,97.0,21.633197997668635,1.5531730999419113
5,50,8.750224633623768,0.8262295081967223,1.851759552872269,20.45335277849947,1.3093917369629504,418.339639881752,53.56290224271082,122.0,20.45335277849947,1.3093917369629504
6,60,9.380888195972004,0.31239669421487776,1.9562608691080694,21.51886956018876,1.3832853263162048,463.0617471484185,59.53347300304311,121.0,21.51886956018876,1.3832853263162048
7,70,10.01155175832024,1.6800000000000053,2.136089885749193,23.399692305669316,1.5104436434372517,547.5455999999998,70.68783300297157,120.0,23.399692305669316,1.5104436434372517
8,80,10.642215320668475,1.8000000000000047,1.8356819241210427,20.02492564427702,1.2980231366475588,400.99764705882336,51.985633591837185,119.0,20.02492564427702,1.2980231366475588
9,90,11.27287888301671,-1.0647887323943648,1.905136199042082,22.702317922183028,1.3471347254266204,515.3952390398726,61.16616164129575,142.0,22.702317922183028,1.3471347254266204
10,100,11.903542445364947,-0.27591240875912515,1.9312430017284539,22.604619789908934,1.3655950226412532,510.96883584634264,61.737512547595216,137.0,22.604619789908934,1.3655950226412532
11,110,12.534206007713182,-2.9924999999999975,1.901408924570804,24.051131860060146,1.344499144372636,578.4569437500002,64.67345241408863,160.0,24.051131860060146,1.344499144372636
12,120,13.164869570061418,0.839999999999997,1.804208413681747,22.09695001578274,1.275768003988187,488.2752000000007,56.38116363172375,150.0,22.09695001578274,1.275768003988187
13,130,13.795533132409654,2.951999999999996,1.699862340644931,22.487065081953247,1.2019841881536675,505.6680960000009,54.058193332980515,175.0,22.487065081953247,1.2019841881536675
14,140,14.42619669475789,2.458536585365856,1.8403073221302588,23.567432837314804,1.3012937869455623,555.4238905413441,61.33630785090915,164.0,23.567432837314804,1.3012937869455623
15,150,15.056860257106125,2.1724137931034497,1.865119973700975,22.45901856411489,1.3188389811304346,504.4075148632571,59.23965832057359,145.0,22.45901856411489,1.3188389811304346
16,160,15.687523819454361,2.0588235294117685,1.6406951266005578,20.29427791923072,1.1601466498789756,411.85771626297543,47.088677079416776,153.0,20.29427791923072,1.1601466498789756
17,170,16.318187381802595,2.621476510067109,1.8187113491041411,22.200201231805774,1.2860231279724725,492.84893473267056,57.099944459490395,149.0,22.200201231805774,1.2860231279724725
18,180,16.94885094415083,3.6399999999999983,1.6281250293239493,21.843589448623135,1.1512582488545111,477.1424,50.29522507463749,180.0,21.843589448623135,1.1512582488545111
19,190,17.579514506499066,3.167597765363123,1.7006211683194215,22.752760538149303,1.2025207603480517,517.6881121063642,54.7213338047049,179.0,22.752760538149303,1.2025207603480517
20,200,18.210178068847302,0.21355932203389774,1.6979856131439888,22.590229308543602,1.200657141411312,510.3184602125823,54.24624029084401,177.0,22.590229308543602,1.200657141411312
21,210,18.840841631195538,1.079999999999996,1.688111032231842,22.331609883749977,1.193674758286958,498.7007999999997,53.3133580602878,175.0,22.331609883749977,1.193674758286958
22,220,19.471505193543774,-0.13695652173913384,1.8169055276350468,24.64570567317043,1.284746219366064,607.410808128545,63.32695437442892,184.0,24.64570567317043,1.284746219366064
23,230,20.10216875589201,3.557647058823528,1.590418706798644,20.73652291728201,1.1245958525032607,430.003382698962,46.64041533622833,170.0,20.73652291728201,1.1245958525032607
24,240,20.732832318240245,-0.06885245901639632,1.7404759537844994,23.544722293190837,1.2307023494131437,554.3539478634776,57.95309008501997,183.0,23.544722293190837,1.2307023494131437
25,250,21.36349588058848,3.9290322580645127,1.5085537054297273,20.5739295343119,1.0667085548934536,423.28657648283144,43.89277328405118,186.0,20.5739295343119,1.0667085548934536
26,260,21.99415944293672,0.08025477707006647,1.852814335517024,23.215697082316748,1.3101375809237346,538.9685910178904,60.83151442976934,157.0,23.215697082316748,1.3101375809237346
27,270,22.624823005284956,1.8000000000000047,1.8621909413486066,22.577865266672113,1.3167678424917602,509.7599999999991,59.45961387053099,147.0,22.577865266672113,1.3167678424917602
28,280,23.25548656763319,2.5518987341772177,1.8863439027906341,23.710975190743916,1.3338465653131553,562.2103444960735,63.253605636798426,158.0,23.710975190743916,1.3338465653131553
29,290,23.886150129981427,0.9450000000000022,1.8486971341325764,23.384374590739007,1.3072262799052812,546.8289750000001,61.137338008326665,160.0,23.384374590739007,1.3072262799052812
30,300,24.516813692329663,1.5656804733727807,1.7491188410851275,22.738544934106656,1.2368137936324488,517.0414257203876,56.24669204326871,169.0,22.738544934106656,1.2368137936324488
31,310,25.1474772546779,2.6068965517241374,1.7357447604136784,22.896045902181793,1.2273568904975316,524.2289179548158,56.20323940638119,174.0,22.896045902181793,1.2273568904975316
32,320,25.778140817026134,3.4363636363636334,1.908674334715853,24.517365746354066,1.3496365651543019,601.1012231404957,66.17906658508208,165.0,24.517365746354066,1.3496365651543019
33,330,26.40880437937437,3.5352517985611516,1.813080063628127,21.3758986964404,1.2820412078255856,456.92904508048247,54.80956596628362,139.0,21.3758986964404,1.2820412078255856
34,340,27.039467941722606,2.68258064516129,1.9576866613975867,24.37300237872172,1.3842935137126862,594.0432449531745,67.47877820513669,155.0,24.37300237872172,1.3842935137126862
35,350,27.67013150407084,1.2741573033707811,1.7225717804515694,22.981974021128824,1.2180421870378895,528.17112990784,55.986027798287424,178.0,22.981974021128824,1.2180421870378895
36,360,28.300795066419077,-1.7563636363636392,1.822827255558329,23.414640048376594,1.2889335133369584,548.2453685950411,60.35982852214858,165.0,23.414640048376594,1.2889335133369584
37,370,28.931458628767313,0.7820689655172401,1.8070333375352081,21.75956284096091,1.277765526801305,473.47857502972687,55.607238552893044,145.0,21.75956284096091,1.277765526801305
38,380,29.56212219111555,2.693793103448273,1.5794447226944162,19.019033010299182,1.116836073926528,361.7236166468501,42.482284314203156,145.0,19.019033010299182,1.116836073926528
39,390,30.192785753463784,3.9052631578947357,1.7476880453187709,22.853986723135968,1.235802068243565,522.3047091412751,56.486008120124815,171.0,22.853986723135968,1.235802068243565
40,400,30.82344931581202,2.667153284671528,1.970111019256128,23.059558271194952,1.3930788614063492,531.7432276626356,64.24756636193925,137.0,23.059558271194952,1.3930788614063492
41,410,31.454112878160256,-1.8000000000000047,2.0227845023277062,23.93390899957632,1.4303246384749766,572.8320000000004,68.46651947422399,140.0,23.93390899957632,1.4303246384749766
42,420,32.08477644050849,1.477241379310345,1.8372136129276952,22.12298148151354,1.2991062041894101,489.42630963139106,57.48020499560333,145.0,22.12298148151354,1.2991062041894101
43,430,32.71544000285673,-1.1784172661870542,1.8704689433950792,22.052503610260786,1.322621273873497,486.3129154805649,58.33422083420602,139.0,22.052503610260786,1.322621273873497
44,440,33.34610356520496,1.3808219178082246,1.9379348288551728,23.41615563088718,1.370326858981084,548.3163445299294,64.1755739901717,146.0,23.41615563088718,1.370326858981084
45,450,33.9767671275532,2.4500000000000024,1.922125378902796,23.06550454683355,1.359147889712929,532.0174999999992,62.698863659985584,144.0,23.06550454683355,1.359147889712929
46,460,34.607430689901435,-1.1296551724137924,1.9349551636939188,23.299945609342853,1.3682199175398961,542.8874653983353,63.75889932059828,145.0,23.299945609342853,1.3682199175398961
47,470,35.238094252249674,0.16153846153846096,1.8346786487547697,22.915128978355632,1.2973137138326698,525.103136094674,59.45622215573036,156.0,22.915128978355632,1.2973137138326698
48,480,35.868757814597906,2.5200000000000022,1.8913663699987167,21.564894549315003,1.3373979859342773,465.0446769230758,57.681693074277916,130.0,21.564894549315003,1.3373979859342773
49,490,36.499421376946145,6.4799999999999995,2.0184322062998743,23.88241193849568,1.4272471004399656,570.369600000001,68.17220638146155,140.0,23.88241193849568,1.4272471004399656
50,500,37.13008493929438,2.706666666666672,1.9594896454898358,22.767212292144027,1.3855684159906867,518.3459555555539,63.09106054429938,135.0,22.767212292144027,1.3855684159906867
51,510,37.76074850164262,-1.9035971223021575,2.018463865684395,23.797338011072355,1.427269487005448,566.3132964132292,67.93042883031698,139.0,23.797338011072355,1.427269487005448
52,520,38.39141206399085,-0.6720000000000043,1.8046776554276946,22.102697030000662,1.2760998080087624,488.52921600000013,56.41049487291938,150.0,22.102697030000662,1.2760998080087624
53,530,39.02207562633909,-1.1918918918918937,1.916345703681979,23.313351682909435,1.3550610421712337,543.5123666910163,63.182029255895486,148.0,23.313351682909435,1.3550610421712337
54,540,39.65273918868732,0.955862068965522,1.8882073174285028,22.737026997183,1.3351641984397542,516.9723966706287,60.71532885119378,145.0,22.737026997183,1.3351641984397542
55,550,40.28340275103556,-1.1268292682926877,2.1923297728665734,24.314113380065,1.5502112489911175,591.1761094586558,75.38402414204441,123.0,24.314113380065,1.5502112489911175
56,560,40.91406631338379,6.162043795620443,1.8028003540347783,21.10123714291618,1.2747723554635004,445.2622089615854,53.798547551738324,137.0,21.10123714291618,1.2747723554635004
57,570,41.54472987573203,5.265671641791049,2.1080247190605244,24.402150334894817,1.4905985737565637,595.4649409668071,72.74762097157493,134.0,24.402150334894817,1.4905985737565637
58,580,42.17539343808026,-3.4533333333333283,2.170595564097709,25.22004141330636,1.5348428425869296,636.0504888888878,77.41760010591842,135.0,25.22004141330636,1.5348428425869296
59,590,42.8060570004285,0.6732824427480885,1.9866569722931149,22.73832835211223,1.4047786169999967,517.0315762484709,63.88463491074407,131.0,22.73832835211223,1.4047786169999967
60,600,43.436720562776735,1.8000000000000047,1.9741471938174058,23.358424604411987,1.3959328678086813,545.6159999999993,65.21358529105937,140.0,23.358424604411987,1.3959328678086813
61,610,44.067384125124974,-0.6904109589041123,1.8460459000684737,22.305857479893138,1.3053515743200415,497.5512779133047,58.23397235587396,146.0,22.305857479893138,1.3053515743200415
62,620,44.698047687473206,-0.7805309734513258,2.340441411594721,24.879233471414402,1.654941993108443,618.9762581251466,82.34737645638567,113.0,24.879233471414402,1.654941993108443
63,630,45.328711249821446,2.1867768595041333,2.197548771386217,24.17303648524839,1.5539016382353603,584.3356929171497,75.12504199110121,121.0,24.17303648524839,1.5539016382353603
64,640,45.95937481216968,3.8769230769230743,1.952205713061083,22.258569787703863,1.3804178979766115,495.4439289940831,61.452256236615746,130.0,22.258569787703863,1.3804178979766115
65,650,46.59003837451792,2.7473684210526264,1.6911964336805032,19.50382873130442,1.195856466573989,380.3993351800558,46.64755942256391,133.0,19.50382873130442,1.195856466573989
66,660,47.22070193686615,-0.6406779661016931,2.0861557300664915,22.661451766171826,1.475134863341189,513.5413961505323,66.85739510840963,118.0,22.661451766171826,1.475134863341189
67,670,47.85136549921439,0.4883720930232567,2.0131505724457046,22.86499517442902,1.4235124213259378,522.8080043266624,65.09720928871467,129.0,22.86499517442902,1.4235124213259378
68,680,48.48202906156262,-0.09767441860465133,2.0511447628556936,23.296526224451444,1.450378371010534,542.728134126554,67.57755551124815,129.0,23.296526224451444,1.450378371010534
69,690,49.11269262391086,-1.737931034482762,2.2413612914303633,24.140199893368667,1.5848817682594472,582.7492508917966,76.5187253862773,116.0,24.140199893368667,1.5848817682594472
70,700,49.74335618625909,4.930434782608695,2.0104992761811538,23.618018817302225,1.4216376717583392,557.810812854442,67.15253056594837,138.0,23.618018817302225,1.4216376717583392
71,710,50.37401974860733,-1.1886792452830213,2.2835533916418576,23.510621127541,1.6147160884314975,552.7493058027773,75.92595636731585,106.0,23.510621127541,1.6147160884314975
72,720,51.00468331095556,1.0598130841121454,1.9500894626253102,20.17188225252971,1.3789214829427872,406.90483360992306,55.63088357881111,107.0,20.17188225252971,1.3789214829427872
73,730,51.6353468733038,2.5200000000000022,2.0559246678806096,22.985936569998607,1.4537582742670796,528.3532799999992,66.83199096082747,125.0,22.985936569998607,1.4537582742670796
74,740,52.266010435652035,0.0,2.0865641614865322,22.082119463493527,1.4754236679679495,487.61999999999966,65.16096339066814,112.0,22.082119463493527,1.4754236679679495
75,750,52.896673998000274,2.3837837837837874,2.3457150149067676,24.713641199925505,1.6586709937716786,610.7640613586553,81.98359961759427,111.0,24.713641199925505,1.6586709937716786
76,760,53.527337560348506,2.431578947368423,2.248210640968537,24.00432094067054,1.589724989764607,576.2074238227142,76.32053772342763,114.0,24.00432094067054,1.589724989764607
77,770,54.158001122696746,0.0,2.323682720390533,24.81014223850271,1.64309180891415,615.5431578947363,81.53068298015755,114.0,24.81014223850271,1.64309180891415
78,780,54.78866468504498,-1.1454545454545444,2.3232225216386038,21.79375905814087,1.6427663992559673,474.9679338842972,71.6041101883884,88.0,21.79375905814087,1.6427663992559673
79,790,55.41932824739322,0.6631578947368385,2.539944402572354,24.7563157391214,1.7960119108957255,612.87516897507,88.9252758747147,95.0,24.7563157391214,1.7960119108957255
80,800,56.04999180974145,5.305263157894742,2.0906410493157637,22.32193808045326,1.478306462998136,498.26891966758944,65.99733066195652,114.0,22.32193808045326,1.478306462998136
81,810,56.68065537208969,-2.3837837837837874,2.278844291555411,24.009114412492803,1.6113862518270847,576.4375748721698,77.37591376566884,111.0,24.009114412492803,1.6113862518270847
82,820,57.31131893443793,1.3695652173913049,2.399332245602587,23.013586436723166,1.6965841011851361,529.6251606805284,78.08896971958883,92.0,23.013586436723166,1.6965841011851361
83,830,57.94198249678616,1.4264150943396279,2.154893882094407,22.18599040311966,1.5237400767663598,492.2181701673177,67.61136543997455,106.0,22.18599040311966,1.5237400767663598
84,840,58.5726460591344,-0.21724137931034945,2.204666935360326,23.744989583511014,1.5589349402510502,563.8245303210466,74.0337878352651,116.0,23.744989583511014,1.5589349402510502
85,850,59.20330962148263,2.889908256880736,2.239307259743959,23.379054159355505,1.583429348525219,546.580173386078,74.0381609933682,109.0,23.379054159355505,1.583429348525219
86,860,59.83397318383087,5.088461538461543,2.321095415304125,23.670621631092967,1.6412623079425528,560.2983284023662,77.69939817736511,104.0,23.670621631092967,1.6412623079425528
87,870,60.4646367461791,0.0,2.2668652661555933,21.97807418043835,1.602915801734868,483.03574468085094,70.45800479105148,94.0,21.97807418043835,1.602915801734868
88,880,61.09530030852734,-1.295327102803737,2.289061657581917,23.67823790163975,1.6186110206302926,560.6589501266493,76.65171363339999,107.0,23.67823790163975,1.6186110206302926
89,890,61.725963870875574,-1.7294117647058873,2.382800163072477,24.065102014080445,1.6848941535209596,579.1291349480987,81.09429937481922,102.0,24.065102014080445,1.6848941535209596
90,900,62.356627433223814,4.86534653465347,2.10953666894856,21.200581141126705,1.4916676837752079,449.4646407214973,63.24844353094565,101.0,21.200581141126705,1.4916676837752079
91,910,62.987290995572046,3.03333333333333,2.0796164374107486,21.612007979104792,1.4705108851601498,467.07888888888925,63.56138596688322,108.0,21.612007979104792,1.4705108851601498
92,920,63.617954557920285,0.2470588235294109,2.174822157008312,21.964627114764713,1.5378314950953316,482.4448442906572,67.55579071022015,102.0,21.964627114764713,1.5378314950953316
93,930,64.24861812026852,-0.4846153846153829,2.083867827051186,21.251365427764384,1.4735170716043693,451.62053254437933,62.62849950542741,104.0,21.251365427764384,1.4735170716043693
94,940,64.87928168261676,-2.765853658536588,2.330594195164569,21.104428037922574,1.647978959594871,445.39688280785253,69.55930672156094,82.0,21.104428037922574,1.647978959594871
95,950,65.509945244965,2.144680851063833,2.3496730347755763,22.780925284391717,1.6614697364609845,518.9705568130379,75.69963585719137,94.0,22.780925284391717,1.6614697364609845
96,960,66.14060880731323,1.6545454545454568,2.5240236495698585,25.11371822282011,1.784754238486065,630.698842975207,89.64363008464585,99.0,25.11371822282011,1.784754238486065
97,970,66.77127236966146,4.361538461538457,2.2585964591771104,23.033254837351308,1.5970688722480597,530.5308284023674,73.57138865458164,104.0,23.033254837351308,1.5970688722480597
98,980,67.4019359320097,0.7777777777777812,2.7152860880313745,24.43757479228237,1.9199972057084778,597.1950617283948,93.84015063094817,81.0,24.43757479228237,1.9199972057084778
99,990,68.03259949435794,-3.8769230769230743,2.2410312828566044,22.854124483715395,1.5846484169590929,522.3110059171595,72.4315043682113,104.0,22.854124483715395,1.5846484169590929
100,1000,68.66326305670617,-0.7241379310344832,2.4862836648157347,23.190510175239176,1.7580680393445474,537.7997621878718,81.54098951036504,87.0,23.190510175239176,1.7580680393445474
101,1010,69.2939266190544,0.33157894736841925,2.6730043495129108,23.30271167034291,1.890099501681716,543.0163711911355,88.08888743189566,76.0,23.30271167034291,1.890099501681716
102,1020,69.92459018140264,0.0,2.3264291795093883,21.823840175367852,1.6450338487813445,476.2799999999999,71.80191159774861,88.0,21.823840175367852,1.6450338487813445
103,1030,70.55525374375088,-3.0545454545454516,2.9459519016885434,23.93302638752807,2.0831025667333742,572.7897520661149,99.70989739511461,66.0,23.93302638752807,2.0831025667333742
104,1040,71.18591730609911,5.0400000000000045,2.4962632072760247,22.327256884803358,1.7651246414913575,498.50639999999896,78.82078260854793,80.0,22.327256884803358,1.7651246414913575
105,1050,71.81658086844735,3.0648648648648615,2.031963018697884,21.40805880360234,1.436814829641561,458.30498173849566,61.51883272570884,111.0,21.40805880360234,1.436814829641561
106,1060,72.44724443079558,-1.630588235294123,2.4247980822892874,22.355533719624624,1.7145911669948914,499.76988788927355,76.66120129824965,85.0,22.355533719624624,1.7145911669948914
107,1070,73.07790799314382,2.016000000000002,2.259022230966308,22.59022230966308,1.5973699383674396,510.31814399999956,72.16988403698655,100.0,22.59022230966308,1.5973699383674396
108,1080,73.70857155549206,0.4153846153846139,2.2620611123428422,21.578687710646584,1.5995187519960083,465.63976331360993,69.03103127329005,91.0,21.578687710646584,1.5995187519960083
109,1090,74.33923511784029,1.1199999999999959,2.3480336927357386,22.275403475582674,1.6603105465879313,496.1936000000007,73.96817464002275,90.0,22.275403475582674,1.6603105465879313
110,1100,74.96989868018852,-3.315789473684215,2.727913733998393,23.78140058639138,1.9289262998021797,565.5550138504165,91.74513807444264,76.0,23.78140058639138,1.9289262998021797
111,1110,75.60056224253677,3.834782608695647,2.5529748552404703,24.487274577973945,1.805225832339281,599.6266162570892,88.41012126348706,92.0,24.487274577973945,1.805225832339281
112,1120,76.231225804885,-2.685245901639344,2.9949360073415288,23.39119798070034,2.1177395600109583,547.1481429723196,99.07293063955511,61.0,23.39119798070034,2.1177395600109583
113,1130,76.86188936723323,4.081690140845071,2.7004362464026728,22.7542802651031,1.9094967819932767,517.7572703828605,86.89844988557499,71.0,22.7542802651031,1.9094967819932767
114,1140,77.49255292958146,-1.1454545454545444,2.8665274662037312,23.287779223382923,2.0269410098101504,542.3206611570254,94.40590947055925,66.0,23.287779223382923,2.0269410098101504
115,1150,78.12321649192971,1.399999999999995,2.706063151106747,22.961707253599414,1.9134756044666177,527.2399999999999,87.8733333333333,72.0,22.961707253599414,1.9134756044666177
116,1160,78.75388005427794,-1.399999999999995,2.9814239699997174,23.664319132398447,2.1081851067789183,559.9999999999992,99.77753031397164,63.0,23.664319132398447,2.1081851067789183
117,1170,79.38454361662617,-1.952112676056341,2.7337399468537846,23.03490223310517,1.9330460544208632,530.6067208887135,89.05505375134857,71.0,23.03490223310517,1.9330460544208632
118,1180,80.0152071789744,-0.8181818181818142,2.4745114751992956,21.713750071066965,1.7497438442373496,471.48694214876065,75.98700104431546,77.0,21.713750071066965,1.7497438442373496
119,1190,80.64587074132265,4.199999999999996,2.5799372278954977,24.06405245775649,1.8242911088805298,579.0786206896562,87.79967388463965,87.0,24.06405245775649,1.8242911088805298
120,1200,81.27653430367089,2.8559999999999985,2.598013764397717,22.499459193500627,1.8370731504216153,506.2256639999999,82.66630476677354,75.0,22.499459193500627,1.8370731504216153
121,1210,81.90719786601912,-2.0432432432432446,2.849441579652921,24.511823297610178,2.014859463567488,600.829481373265,98.77575828096779,74.0,24.511823297610178,2.014859463567488
122,1220,82.53786142836735,-0.3599999999999987,2.632821408950591,22.027764298720832,1.861685871922083,485.22240000000016,82.01755516991645,70.0,22.027764298720832,1.861685871922083
123,1230,83.1685249907156,-2.307042253521129,2.8206280447317904,23.76703435933165,1.9944852176348014,564.8719222376512,94.80599739341078,71.0,23.76703435933165,1.9944852176348014
124,1240,83.79918855306383,1.1454545454545444,2.4934723193496438,23.390843726722096,1.7631511857130817,547.1315702479345,82.48318770319894,88.0,23.390843726722096,1.7631511857130817
125,1250,84.42985211541206,0.8873239436619762,2.8319281800796743,23.862250992230084,2.002475619967616,569.4070224161857,95.56715169897758,71.0,23.862250992230084,2.002475619967616
126,1260,85.0605156777603,2.5890410958904155,2.378649924059154,20.323193859960668,1.6819594913710938,413.03220866954297,68.36557761547117,73.0,20.323193859960668,1.6819594913710938
127,1270,85.69117924010854,-1.399999999999995,2.7476589361908843,24.72893042571796,1.9428882661683895,611.5199999999994,96.0910975180438,81.0,24.72893042571796,1.9428882661683895
128,1280,86.32184280245677,-0.8630136986301348,2.5870699946561544,22.103935723740783,1.8293347366256114,488.58397447926404,80.87099487115759,73.0,22.103935723740783,1.8293347366256114
129,1290,86.952506364805,4.5499999999999945,2.312458708340062,19.62186280657371,1.6351552338811424,385.0175000000006,64.16958333333343,72.0,19.62186280657371,1.6351552338811424
130,1300,87.58316992715325,0.7636363636363629,2.8684532490653614,23.303424357309797,2.028302743930702,543.0495867768594,94.53279913382602,66.0,23.303424357309797,2.028302743930702
131,1310,88.21383348950148,-1.2193548387096762,3.2351822124110603,25.473850214387642,2.2876192807699587,648.9170447450573,116.54894181175821,62.0,25.473850214387642,2.2876192807699587
132,1320,88.84449705184971,-5.9433962264150955,3.5037420970064392,25.507627489905037,2.477519796322027,650.639060163759,126.39130412689532,53.0,25.507627489905037,2.477519796322027
133,1330,89.47516061419795,-3.0169014084507055,3.0682916665311586,25.853885129980434,2.1696098440623555,668.4233763142233,112.18568737052581,71.0,25.853885129980434,2.1696098440623555
134,1340,90.1058241765462,0.0,2.8231896854444614,23.620499571346915,1.9962965711536942,557.9279999999998,94.3070446064343,70.0,23.620499571346915,1.9962965711536942
135,1350,90.73648773889443,3.7999999999999976,2.3432442576038985,18.598924700100266,1.6569239045281543,345.91999999999973,61.634005868230524,63.0,18.598924700100266,1.6569239045281543
136,1360,91.36715130124266,3.203389830508477,3.247130274451132,24.941680900375736,2.29606783646053,622.0874461361677,114.5355826052293,59.0,24.941680900375736,2.29606783646053
137,1370,91.99781486359089,4.750819672131144,2.64786794200045,20.68050973585263,1.8723253774749855,427.6834829346955,77.4412863951108,61.0,20.68050973585263,1.8723253774749855
138,1380,92.62847842593914,6.193220338983045,2.3074861175628065,17.724137180183394,1.6316390812224795,314.1450387819594,57.838789808271244,59.0,17.724137180183394,1.6316390812224795
139,1390,93.25914198828737,2.223529411764709,2.8337423426563304,23.36763798911457,2.0037584266277446,546.0465051903104,93.64620306214982,68.0,23.36763798911457,2.0037584266277446
140,1400,93.8898055506356,-2.9076923076923085,2.724476222561114,21.965429535398503,1.9264956121544727,482.4800946745569,84.63260723806695,65.0,21.965429535398503,1.9264956121544727
141,1410,94.52046911298383,-4.6941176470588175,3.0849879120120263,22.031220376553733,2.181415872462232,485.37467128027646,96.11850763825534,51.0,22.031220376553733,2.181415872462232
142,1420,95.15113267533208,2.624999999999996,2.8504728226208407,19.748655017494254,2.015588662463155,390.0093750000009,79.61033030431503,48.0,19.748655017494254,2.015588662463155
143,1430,95.78179623768031,-2.9076923076923085,3.1824937620188725,25.658084991748453,2.2503629202074307,658.3373254437872,115.48000613792298,65.0,25.658084991748453,2.2503629202074307
144,1440,96.41245980002854,-0.4846153846153829,3.025675855614725,21.818458880704537,2.1394759151775813,476.0451479289946,93.36013456311953,52.0,21.818458880704537,2.1394759151775813
145,1450,97.04312336237678,2.1724137931034497,3.074375117141756,23.41374333446539,2.1739114932421226,548.2033769322225,101.79881146923088,58.0,23.41374333446539,2.1739114932421226
146,1460,97.67378692472502,-3.7333333333333387,3.24374675400458,23.83657320636134,2.29367532620849,568.1822222222233,109.3467196495868,54.0,23.83657320636134,2.29367532620849
147,1470,98.30445048707325,1.1886792452830213,3.049404123173043,22.199997113524855,2.1562543340738762,492.8398718405118,95.737679984931,53.0,22.199997113524855,2.1562543340738762
148,1480,98.93511404942149,3.15,2.5899444974748023,19.381369920622234,1.831367317061218,375.6375000000003,70.98881486500186,56.0,19.381369920622234,1.831367317061218
149,1490,99.56577761176972,4.950000000000005,2.910748246953495,21.78204535850569,2.0582098237476716,474.45749999999924,89.66403947638757,56.0,21.78204535850569,2.0582098237476716
150,1500,100.19644117411796,5.544000000000005,2.6707244859775376,18.88487394715673,1.8884873947156733,356.63846399999903,71.32769279999981,50.0,18.88487394715673,1.8884873947156733
151,1510,100.8271047364662,1.989473684210527,3.5873812960636666,22.11410349544386,2.536661641148404,489.0335734072023,112.19199613055656,38.0,22.11410349544386,2.536661641148404
152,1520,101.45776829881443,0.0,3.20743635946218,22.680000000000007,2.2680000000000007,514.3824000000002,102.87648000000004,50.0,22.680000000000007,2.2680000000000007
153,1530,102.08843186116266,0.2470588235294109,3.5198763925524372,25.13694533473083,2.4889284661122706,631.866020761246,125.12811758943919,51.0,25.13694533473083,2.4889284661122706
154,1540,102.71909542351091,-3.4851063829787186,3.4269231729040666,23.493801615540704,2.423200614165785,551.958714350383,113.8603890077347,47.0,23.493801615540704,2.423200614165785
155,1550,103.34975898585914,0.839999999999997,3.41554095276283,22.912145250936256,2.4151521691189584,524.9664000000008,110.67263460393468,45.0,22.912145250936256,2.4151521691189584
156,1560,103.98042254820737,3.675000000000004,3.192551144852651,22.11864315458791,2.2574745638101854,489.23437499999864,99.86454861495298,48.0,22.11864315458791,2.2574745638101854
157,1570,104.6110861105556,2.7391304347826098,2.844294986849982,19.29094717016552,2.0112202728965243,372.1406427221171,77.59668806402546,46.0,19.29094717016552,2.0112202728965243
158,1580,105.24174967290385,8.51351351351351,3.793751662289309,23.076490460629994,2.682587526542507,532.524411979547,123.80941093212635,37.0,23.076490460629994,2.682587526542507
159,1590,105.87241323525208,-2.6068965517241374,2.8117215393204824,21.4134332803352,1.9881873672617911,458.53512485136713,85.14783507533133,58.0,21.4134332803352,1.9881873672617911
160,1600,106.50307679760031,4.950000000000005,2.8403266286015163,21.255058221515174,2.0084142198688566,451.77749999999986,85.37792235246306,56.0,21.255058221515174,2.0084142198688566
161,1610,107.13374035994855,-3.7459459459459468,3.2257967562836583,19.621755639479776,2.280982761097744,385.0132943754563,89.51377271225162,37.0,19.621755639479776,2.280982761097744
162,1620,107.7644039222968,-1.7294117647058873,3.4414790036474634,24.57707599288132,2.4334931407902447,604.0326643598632,119.61629169871456,51.0,24.57707599288132,2.4334931407902447
163,1630,108.39506748464503,1.0499999999999963,3.1463520543639114,21.798566466628035,2.2248068736409463,475.17750000000024,96.99520102094618,48.0,21.798566466628035,2.2248068736409463
164,1640,109.02573104699326,-0.6999999999999975,3.767809561122865,22.606857366737188,2.664243690889487,511.06999999999954,120.46035422033616,36.0,22.606857366737188,2.664243690889487
165,1650,109.65639460934149,3.359999999999999,3.6582618823698203,20.037125542352612,2.5867817843799648,401.4863999999995,103.66334272858452,30.0,20.037125542352612,2.5867817843799648
166,1660,110.28705817168974,3.2869565217391337,3.227871603958453,21.892490361206065,2.28244989995852,479.2811342155005,99.93702486955527,46.0,21.892490361206065,2.28244989995852
167,1670,110.91772173403797,-0.2571428571428546,3.0961921232873353,21.673344863011348,2.18933844623285,469.7338775510204,94.90057433410799,49.0,21.673344863011348,2.18933844623285
168,1680,111.5483852963862,-0.5250000000000037,3.2354300815347568,22.415717142219655,2.287794550708171,502.46437500000013,102.56511105637172,48.0,22.415717142219655,2.287794550708171
169,1690,112.17904885873445,2.8285714285714234,3.623165781336868,25.362160469358077,2.561965093346356,643.2391836734695,129.95393962868843,49.0,25.362160469358077,2.561965093346356
170,1700,112.80971242108268,5.544000000000005,2.8546161353148665,20.18518426965677,2.018518426965677,407.4416639999991,81.48833279999981,50.0,20.18518426965677,2.018518426965677
171,1710,113.44037598343091,-3.08,3.567238583429923,23.92976389352809,2.5224185924535925,572.6336000000006,120.72176271611984,45.0,23.92976389352809,2.5224185924535925
172,1720,114.07103954577914,7.682926829268288,2.6392811345265033,16.899645001885922,1.8662535876814152,285.5980011897678,63.07804623062379,41.0,16.899645001885922,1.8662535876814152
173,1730,114.70170310812739,-0.7411764705882327,4.091306754907516,23.856212874921365,2.8929907503094334,569.1188927335639,138.03160636912065,34.0,23.856212874921365,2.8929907503094334
174,1740,115.33236667047562,2.75625,2.926343403938341,23.41074723150673,2.069237265005325,548.0630859375,96.88478114610795,64.0,23.41074723150673,2.069237265005325
175,1750,115.96303023282385,6.551999999999994,3.152317547456158,22.29025114259596,2.229025114259596,496.85529600000046,99.3710592000001,50.0,22.29025114259596,2.229025114259596
176,1760,116.59369379517209,1.8000000000000047,4.109139638832994,24.30999794323313,2.905600503461251,590.9759999999992,141.27028452600035,35.0,24.30999794323313,2.905600503461251
177,1770,117.22435735752033,8.400000000000004,3.77221420388609,20.661268112098032,2.667358243656068,426.887999999999,110.22200764638588,30.0,20.661268112098032,2.667358243656068
178,1780,117.85502091986856,4.800000000000005,3.6484830507251296,23.64487259428562,2.579867106211922,559.0799999999991,122.00125807313844,42.0,23.64487259428562,2.579867106211922
179,1790,118.4856844822168,1.3263157894736883,3.207569138975685,19.772784115792852,2.268093889294402,390.9629916897502,89.69306165473438,38.0,19.772784115792852,2.268093889294402
180,1800,119.11634804456503,-4.199999999999996,3.857460304397182,24.99919998719959,2.727636339397171,624.9599999999999,136.37745268188579,42.0,24.99919998719959,2.727636339397171
181,1810,119.74701160691328,0.32307692307692193,3.013016821838965,18.81628402152504,2.130524626551472,354.0525443786985,80.17711297609212,39.0,18.81628402152504,2.130524626551472
182,1820,120.37767516926151,4.199999999999996,5.141566150438879,29.536048852515513,3.635636290894544,872.3781818181828,214.7646621956791,33.0,29.536048852515513,3.635636290894544
183,1830,121.00833873160974,2.223529411764709,4.336692764295733,25.287046891332107,3.0665048615561465,639.4347404844286,155.0857044533363,34.0,25.287046891332107,3.0665048615561465
184,1840,121.63900229395797,-2.637209302325586,3.6258745398977332,23.776449392211187,2.56388047489334,565.3195457003798,121.91994871795978,43.0,23.776449392211187,2.56388047489334
185,1850,122.26966585630622,-0.34054054054054267,3.2835768135408503,19.973218006762306,2.3218394314016506,398.929437545654,92.74921028016439,37.0,19.973218006762306,2.3218394314016506
186,1860,122.90032941865445,-5.305263157894742,3.740574391447921,23.05844915778872,2.644985517725568,531.6920775623272,121.97852816712495,38.0,23.05844915778872,2.644985517725568
187,1870,123.53099298100268,-2.2615384615384646,4.057717406467708,25.340437081457175,2.8692394942520063,642.1377514792898,145.41556575144995,39.0,25.340437081457175,2.8692394942520063
188,1880,124.16165654335092,-5.133333333333334,4.340715459413167,22.55501915070986,3.0693493365523308,508.7288888888886,138.45846613231285,27.0,22.55501915070986,3.0693493365523308
189,1890,124.79232010569916,2.9076923076923085,4.351171110386446,22.186706398841668,3.076742598257255,492.2499408284019,136.52556938468598,26.0,22.186706398841668,3.076742598257255
190,1900,125.4229836680474,1.989473684210527,3.938016623055091,24.275564815085403,2.7845982585876023,589.3030470914124,135.19539102063456,38.0,24.275564815085403,2.7845982585876023
191,1910,126.05364723039563,-4.199999999999996,4.377721375835201,22.74730753298069,3.095516470998373,517.44,140.82933027841418,27.0,22.74730753298069,3.095516470998373
192,1920,126.68431079274386,-0.6999999999999975,4.01950107462218,24.117006447733083,2.842216466851959,581.6299999999991,137.09150571384367,36.0,24.117006447733083,2.842216466851959
193,1930,127.3149743550921,-4.981395348837207,3.4705517783842725,22.757929932161847,2.4540506969545506,517.923374797188,111.69822762252922,43.0,22.757929932161847,2.4540506969545506
194,1940,127.94563791744034,-3.4999999999999987,4.099966124521301,24.599796747127808,2.899113849284141,605.1499999999999,142.63522287834635,36.0,24.599796747127808,2.899113849284141
195,1950,128.57630147978855,0.9219512195121959,2.8956458978809203,18.541180431744323,2.0475308503066074,343.77537180249857,75.92727787019537,41.0,18.541180431744323,2.0475308503066074
196,1960,129.2069650421368,-0.40645161290322546,3.7904253534011128,21.104195202634106,2.6802354709713425,445.3870551508844,113.12842513680634,31.0,21.104195202634106,2.6802354709713425
197,1970,129.83762860448505,6.839999999999998,3.0692130215135904,18.157709106602642,2.170261340418313,329.7024000000005,78.81394820924253,35.0,18.157709106602642,2.170261340418313
198,1980,130.46829216683327,5.815384615384617,3.768224717807607,19.214251367703653,2.6645372509965233,369.1874556213017,102.39417703851457,26.0,19.214251367703653,2.6645372509965233
199,1990,131.0989557291815,1.0499999999999963,4.449613747281893,21.798566466628035,3.1463520543639114,475.17750000000024,137.17192876892676,24.0,21.798566466628035,3.1463520543639114
200,2000,131.72961929152973,-5.5125,4.201794050425068,23.768936529638847,2.971117066204856,564.9623437500001,141.24058593750001,32.0,23.768936529638847,2.971117066204856
201,2010,132.36028285387798,-1.2599999999999956,3.7747463490941993,23.87359210508547,2.669148740703671,569.9483999999994,127.444336606724,40.0,23.87359210508547,2.669148740703671
202,2020,132.99094641622622,2.1000000000000036,5.126036480556883,25.112347560512934,3.624655156011396,630.6299999999999,182.04720012952683,24.0,25.112347560512934,3.624655156011396
203,2030,133.62160997857444,-1.8000000000000047,4.302822993603819,22.768399153212343,3.0425553170226616,518.4000000000005,138.54822780740093,28.0,22.768399153212343,3.0425553170226616
204,2040,134.2522735409227,-2.5200000000000022,4.380904016296179,23.99519951990397,3.09776693765041,575.7695999999997,148.663071470167,30.0,23.99519951990397,3.09776693765041
205,2050,134.88293710327093,-2.800000000000001,3.6072457945394074,21.64347476723644,2.55070796272547,468.44000000000057,110.41236685967557,36.0,21.64347476723644,2.55070796272547
206,2060,135.51360066561915,2.67272727272727,3.0429532098629912,17.480435344541934,2.1516928495274925,305.56561983471084,75.22505547495706,33.0,17.480435344541934,2.1516928495274925
207,2070,136.1442642279674,1.5120000000000013,4.525908775041759,22.629543875208796,3.2003007858637287,512.0962559999999,144.8426940951369,25.0,22.629543875208796,3.2003007858637287
208,2080,136.77492779031564,0.0,4.6957427527495605,23.004347415216987,3.320391543176799,529.2000000000004,152.76688122757508,24.0,23.004347415216987,3.320391543176799
209,2090,137.40559135266386,0.0,5.311254229238446,24.91199054124885,3.7556238821002355,620.6072727272723,187.1201332547387,22.0,24.91199054124885,3.7556238821002355
210,2100,138.0362549150121,5.727272727272722,3.312649072386691,15.537701415886998,2.342396622775955,241.42016528925683,72.79091864454976,22.0,15.537701415886998,2.342396622775955
211,2110,138.66691847736035,-0.839999999999997,4.239018754381724,23.21806193462322,2.9974389068002694,539.0783999999996,139.18944436667593,30.0,23.21806193462322,2.9974389068002694
212,2120,139.29758203970857,4.199999999999996,4.200000000000004,25.20000000000002,2.969848480983502,635.0400000000011,149.68036344156866,36.0,25.20000000000002,2.969848480983502
213,2130,139.92824560205682,2.1000000000000036,4.17806773520966,20.468268124098813,2.954340027823471,418.9499999999995,120.94044763849669,24.0,20.468268124098813,2.954340027823471
214,2140,140.55890916440507,1.9384615384615427,3.918636540303564,19.981204185685588,2.7708944706540413,399.2485207100593,110.73161639025118,26.0,19.981204185685588,2.7708944706540413
215,2150,141.18957272675328,6.470270270270266,3.655750575430031,22.23706262034195,2.5850060222131983,494.4869539810091,114.96588157983187,37.0,22.23706262034195,2.5850060222131983
216,2160,141.82023628910153,-6.909677419354844,4.256645303172196,23.699998024209943,3.0099027589789262,561.6899063475552,142.66937888172922,31.0,23.699998024209943,3.0099027589789262
217,2170,142.45089985144975,-1.8000000000000047,4.110265893380347,21.749482752470247,2.906396885689026,473.0400000000007,126.42525787425342,28.0,21.749482752470247,2.906396885689026
218,2180,143.081563413798,6.839999999999998,3.2337081766029203,19.13087556804446,2.2865769800543108,365.9904000000004,87.4884393643478,35.0,19.13087556804446,2.2865769800543108
219,2190,143.71222697614624,4.930434782608695,4.224952588777096,20.262160809758875,2.987492625715943,410.5551606805284,121.06611200045045,23.0,20.262160809758875,2.987492625715943
220,2200,144.34289053849446,-5.2500000000000036,4.8069285931871315,23.5490445666061,3.399011804922131,554.5575000000003,160.086960953063,24.0,23.5490445666061,3.399011804922131
221,2210,144.9735541008427,5.544000000000005,4.62363348028366,23.118167401418297,3.2694025876297332,534.4496639999996,151.16519264690868,25.0,23.118167401418297,3.2694025876297332
222,2220,145.60421766319095,0.839999999999997,4.069162075907028,22.287718591188284,2.877332097620988,496.74239999999986,128.25833617034016,30.0,22.287718591188284,2.877332097620988
223,2230,146.23488122553917,9.000000000000002,3.9623369727616904,23.441501658383572,2.801795342785968,549.5039999999997,131.35658034873725,35.0,23.441501658383572,2.801795342785968
224,2240,146.86554478788742,3.15,4.6515118510007065,22.787661134921247,3.289115572612189,519.2775000000004,149.90250220455806,24.0,22.787661134921247,3.289115572612189
225,2250,147.49620835023563,7.12173913043478,4.889241909227514,23.447980473374976,3.4572161088762376,549.8077882797742,162.12947162633486,23.0,23.447980473374976,3.4572161088762376
226,2260,148.12687191258388,-0.5040000000000004,4.534879861694242,22.674399308471212,3.2066443020703117,514.1283839999999,145.41746669075246,25.0,22.674399308471212,3.2066443020703117
227,2270,148.75753547493213,-5.880000000000002,3.7440512817000804,20.50701343443263,2.6474440504003116,420.5376000000003,108.58234141693585,30.0,20.50701343443263,2.6474440504003116
228,2280,149.38819903728034,-1.0499999999999963,4.920270571828336,24.104304594822864,3.479156686612428,581.0174999999987,167.7253050144413,24.0,24.104304594822864,3.479156686612428
229,2290,150.0188625996286,-4.642105263157892,5.947053162531536,25.922603747338936,4.2052016193029536,671.9813850415508,218.019550509717,19.0,25.922603747338936,4.2052016193029536
230,2300,150.64952616197684,-3.15,3.6514872826014324,20.6559313515513,2.5819914189439124,426.6674999999999,106.66687499999998,32.0,20.6559313515513,2.5819914189439124
231,2310,151.28018972432506,1.1454545454545444,3.876741023293012,18.183527192407556,2.7412698664745645,330.640661157025,99.69191031753535,22.0,18.183527192407556,2.7412698664745645
232,2320,151.9108532866733,-3.834782608695647,4.803081118455047,23.034767836914824,3.3962912294486305,530.6005293005658,156.46555995379842,23.0,23.034767836914824,3.3962912294486305
233,2330,152.54151684902152,5.727272727272722,4.341202664124228,20.362045392395736,3.0696938423073474,414.61289256198444,125.01049071563978,22.0,20.362045392395736,3.0696938423073474
234,2340,153.17218041136977,6.3,3.7123106012293765,18.186533479473223,2.6250000000000013,330.75000000000034,95.47930076723448,24.0,18.186533479473223,2.6250000000000013
235,2350,153.802843973718,4.7793103448275875,3.4982631304822407,18.83872349636914,2.4736455819388725,354.8975029726507,93.2006502923231,29.0,18.83872349636914,2.4736455819388725
236,2360,154.43350753606623,-4.536000000000004,4.667377439205023,23.336887196025117,3.300334237618974,544.610304000001,154.0390556249871,25.0,23.336887196025117,3.300334237618974
237,2370,155.06417109841448,-3.315789473684215,5.036692310140675,21.954432789611626,3.5614792872506094,481.9971191135741,156.38051528707484,19.0,21.954432789611626,3.5614792872506094
238,2380,155.69483466076272,4.930434782608695,3.612258245559528,17.32378196440068,2.5542523008321627,300.1134215500943,88.49861988337032,23.0,17.32378196440068,2.5542523008321627
239,2390,156.32549822311094,2.5200000000000022,4.7279390859020145,23.63969542951007,3.3431577886782406,558.8351999999993,158.062463794296,25.0,23.63969542951007,3.3431577886782406
240,2400,156.9561617854592,-9.575999999999997,4.579471690053339,22.897358450266697,3.2381754862885352,524.2890239999998,148.29132966883054,25.0,22.897358450266697,3.2381754862885352
241,2410,157.5868253478074,-5.5125,4.051513389116158,22.918820732097014,2.864852591512127,525.2723437499999,131.31808593749997,32.0,22.918820732097014,2.864852591512127
242,2420,158.21748891015565,-3.2666666666666697,3.767742662876886,19.577765165842866,2.664196386686106,383.2888888888903,104.31802242845534,27.0,19.577765165842866,2.664196386686106
243,2430,158.8481524725039,-5.96842105263158,4.906330653166766,21.38619950074984,3.4692996755976435,457.3695290858726,148.3902699804358,19.0,21.38619950074984,3.4692996755976435
244,2440,159.47881603485212,2.290909090909089,4.1802314632566935,19.607023534968953,2.9558700145981724,384.4353719008264,115.91162588507078,22.0,19.607023534968953,2.9558700145981724
245,2450,160.10947959720036,11.550000000000004,5.451748572705826,26.708004418151504,3.8549683850843715,713.3175000000002,205.91702532133553,24.0,26.708004418151504,3.8549683850843715
246,2460,160.7401431595486,-3.315789473684215,7.070775025040115,30.820793786661135,4.999792968450346,949.9213296398896,308.1951761132129,19.0,30.820793786661135,4.999792968450346
247,2470,161.37080672189683,-3.7799999999999976,5.12589309291561,22.9236908023119,3.624553765637913,525.4955999999992,166.1762996396776,20.0,22.9236908023119,3.624553765637913
248,2480,162.00147028424507,2.9076923076923085,4.763436067373668,24.28885345929001,3.3682579449885006,589.9484023668642,163.62224727783,26.0,24.28885345929001,3.3682579449885006
249,2490,162.6321338465933,4.199999999999996,5.1324847783505465,19.87802807121473,3.629214791108406,395.1360000000008,144.2832669882412,15.0,19.87802807121473,3.629214791108406
250,2500,163.26279740894154,7.559999999999995,4.250101175266306,16.460571071502976,3.0052753617597205,270.95040000000057,98.9370973633654,15.0,16.460571071502976,3.0052753617597205
251,2510,163.89346097128978,3.7058823529411744,5.109787545527853,21.068193774676946,3.6131654238653095,443.8687889273365,152.24573857991422,17.0,21.068193774676946,3.6131654238653095
252,2520,164.524124533638,-11.550000000000004,5.650359501837031,27.68099528557455,3.9954075198908074,766.2375000000004,221.19371344409308,24.0,27.68099528557455,3.9954075198908074
253,2530,165.15478809598625,-3.528000000000003,5.1160344643092515,25.580172321546257,3.6175826624971577,654.3452160000012,185.0767757882308,25.0,25.580172321546257,3.6175826624971577
254,2540,165.7854516583345,4.199999999999996,5.1324847783505465,19.87802807121473,3.629214791108406,395.1360000000008,144.2832669882412,15.0,19.87802807121473,3.629214791108406
255,2550,166.4161152206827,2.223529411764709,5.951171147057977,24.537307235448242,4.20811347408642,602.0794463667808,206.5115463905759,17.0,24.537307235448242,4.20811347408642
256,2560,167.04677878303096,6.3,4.319062398252659,19.31543424311243,3.054038310172288,373.0860000000003,117.98015231215807,20.0,19.31543424311243,3.054038310172288
257,2570,167.6774423453792,3.834782608695647,5.279337361379832,25.318812539907988,3.7330552484031734,641.0422684310021,189.0330520708792,23.0,25.318812539907988,3.7330552484031734
258,2580,168.30810590772742,11.454545454545455,4.122768503716487,19.337498363935467,2.9152375662402434,373.93884297520685,112.74680333530783,22.0,19.337498363935467,2.9152375662402434
259,2590,168.93876947007567,1.989473684210527,5.073323282296808,22.11410349544386,3.5873812960636657,489.0335734072023,158.66344251754288,19.0,22.11410349544386,3.5873812960636657
260,2600,169.5694330324239,0.8999999999999968,4.312895944556449,22.821700199590765,3.0496779689478255,520.8300000000012,139.1976726252483,28.0,22.821700199590765,3.0496779689478255
261,2610,170.20009659477213,5.600000000000002,6.80277721065285,28.861739379323616,4.810289896553936,832.9999999999997,277.6666666666665,18.0,28.861739379323616,4.810289896553936
262,2620,170.83076015712038,1.1454545454545444,4.503041796884952,21.1211382112528,3.1841313905438065,446.102479338843,134.5049583649286,22.0,21.1211382112528,3.1841313905438065
263,2630,171.4614237194686,3.15,5.398827997815822,21.595311991263287,3.8175478877153592,466.35749999999996,164.88227535360267,16.0,21.595311991263287,3.8175478877153592
264,2640,172.09208728181684,4.846153846153851,6.92691018137966,24.975329839497928,4.898065161923696,623.7671005917156,244.66158598879625,13.0,24.975329839497928,4.898065161923696
265,2650,172.7227508441651,4.199999999999996,5.939696961967004,25.20000000000002,4.200000000000004,635.0400000000011,211.68000000000038,18.0,25.20000000000002,4.200000000000004
266,2660,173.3534144065133,-4.199999999999996,4.849742261192855,20.575713839378686,3.429285639896448,423.3599999999996,141.1199999999999,18.0,20.575713839378686,3.429285639896448
267,2670,173.98407796886156,10.079999999999998,2.4561921748918674,10.984425337722534,1.7367901427633738,120.65760000000081,38.155283300953485,20.0,10.984425337722534,1.7367901427633738
268,2680,174.61474153120977,1.8000000000000047,8.605645987207629,22.768399153212318,6.085110634045316,518.3999999999994,277.0964556148013,7.0,22.768399153212318,6.085110634045316
269,2690,175.24540509355802,-3.15,4.917935923738739,19.671743694954955,3.47750584111659,386.97749999999996,136.8172072083086,16.0,19.671743694954955,3.47750584111659
270,2700,175.87606865590627,-12.6,6.734983296193093,25.2,4.762352359916263,635.04,240.02255893977963,14.0,25.2,4.762352359916263
271,2710,176.50673221825448,6.3,6.03179077886493,20.89473617923902,4.265120162433879,436.59,178.23712113361793,12.0,20.89473617923902,4.265120162433879
272,2720,177.13739578060273,1.399999999999995,6.984427121978031,20.953281365934092,4.938735780653907,439.0400000000008,206.96544080809494,9.0,20.953281365934092,4.938735780653907
273,2730,177.76805934295098,1.6434782608695613,4.334709894671433,20.788538357280814,3.0651027609985952,432.1633270321356,127.43801263205324,23.0,20.788538357280814,3.0651027609985952
274,2740,178.3987229052992,-5.600000000000002,6.508285317791298,27.612316092642427,4.602052682107071,762.4399999999998,254.14666666666665,18.0,27.612316092642427,4.602052682107071
275,2750,179.02938646764744,5.600000000000002,5.531525809193855,23.46827645993628,3.91137940998938,550.7599999999994,183.58666666666645,18.0,23.46827645993628,3.91137940998938
276,2760,179.66005002999566,-7.199999999999997,7.279913657258776,27.2389427107588,5.147676313500241,741.9599999999999,280.4345203939262,14.0,27.2389427107588,5.147676313500241
277,2770,180.2907135923439,0.0,5.774045375644359,25.822315930218195,4.082866639996953,666.7920000000004,210.8581445578995,20.0,25.822315930218195,4.082866639996953
278,2780,180.92137715469215,-7.875,5.554527291993442,22.21810916797377,3.927643914454313,493.64437499999997,174.5296425285475,16.0,22.21810916797377,3.927643914454313
279,2790,181.55204071704037,9.799999999999999,3.904413457159016,16.56502339267891,2.760837232113152,274.3999999999995,91.46666666666651,18.0,16.56502339267891,2.760837232113152
280,2800,182.18270427938862,-2.223529411764709,5.56971251835733,22.964513017512218,3.938381490990072,527.3688581314881,180.88602603554133,17.0,22.964513017512218,3.938381490990072
281,2810,182.81336784173686,2.800000000000001,6.3043195068496045,26.746962444359916,4.457827074059985,715.3999999999997,238.46666666666653,18.0,26.746962444359916,4.457827074059985
282,2820,183.44403140408508,2.5200000000000022,5.205289617302763,20.159999999999982,3.6806955864347124,406.42559999999924,148.40564604504746,15.0,20.159999999999982,3.6806955864347124
283,2830,184.07469496643333,-2.5200000000000022,5.2859965947775605,16.715788943391207,3.7377640374962118,279.41759999999965,124.9593495419689,10.0,16.715788943391207,3.7377640374962118
284,2840,184.70535852878155,-8.018181818181821,9.620826395165874,31.908671325912714,6.802951584640316,1018.1633057851242,434.1462923207699,11.0,31.908671325912714,6.802951584640316
285,2850,185.3360220911298,-4.725,5.773508330079727,23.094033320318907,4.082486891436395,533.334375,188.5621766011945,16.0,23.094033320318907,4.082486891436395
286,2860,185.96668565347804,17.181818181818176,4.3685922270889,14.488981279316954,3.089061188013403,209.93057851239715,89.51469944758156,11.0,14.488981279316954,3.089061188013403
287,2870,186.59734921582626,0.839999999999997,5.2413128126453215,20.299517235638884,3.7061678321414435,412.0704000000002,150.46683557345125,15.0,20.299517235638884,3.7061678321414435
288,2880,187.2280127781745,-2.223529411764709,5.160131495680832,21.275767198768513,3.648763972410199,452.6582698961942,155.2605056805064,17.0,21.275767198768513,3.648763972410199
289,2890,187.85867634052275,-2.9076923076923085,5.840183809404345,21.057082182941976,4.129633575005696,443.40071005917235,173.91606714866282,13.0,21.057082182941976,4.129633575005696
290,2900,188.48933990287097,3.4363636363636334,4.884234592873985,16.199173532637268,3.4536754015271107,262.4132231404958,111.89337430947673,11.0,16.199173532637268,3.4536754015271107
291,2910,189.1200034652192,5.0400000000000045,4.024117294513163,17.996399639927947,2.845480627240321,323.8703999999987,102.4168130709793,20.0,17.996399639927947,2.845480627240321
292,2920,189.75066702756743,10.499999999999996,6.27076550350912,21.722568908856058,4.434100810761974,471.8699999999998,192.64012082118296,12.0,21.722568908856058,4.434100810761974
293,2930,190.38133058991568,2.1000000000000036,5.522906843320827,19.131910516203035,3.905284880773746,366.03000000000026,149.4311217584879,12.0,19.131910516203035,3.905284880773746
294,2940,191.01199415226392,3.5999999999999983,7.020988941330538,26.270135134787562,4.964588891050583,690.12,260.84084211312785,14.0,26.270135134787562,4.964588891050583
295,2950,191.64265771461214,3.4363636363636334,7.4394444910279685,24.673846025416267,5.260481647866779,608.79867768595,259.5926283979859,11.0,24.673846025416267,5.260481647866779
296,2960,192.2733212769604,-5.727272727272722,5.4168782058136635,25.407410905592474,3.8303113121924612,645.5365289256193,194.63658681042594,22.0,25.407410905592474,3.8303113121924612
297,2970,192.90398483930863,-0.9692307692307658,6.49623818878056,23.422519887275623,4.59353407548975,548.6144378698222,215.1842864720738,13.0,23.422519887275623,4.59353407548975
298,2980,193.53464840165685,0.839999999999997,6.663764701728298,25.80864971283853,4.711993208823631,666.0864000000005,243.2203643516062,15.0,25.80864971283853,4.711993208823631
299,2990,194.1653119640051,5.400000000000003,5.356971425828476,20.04395170618805,3.787950821825884,401.75999999999885,151.85100667618673,14.0,20.04395170618805,3.787950821825884
300,3000,194.79597552635335,15.75,8.259369679339944,23.361025234351338,5.8402563085878345,545.7375,272.86875,8.0,23.361025234351338,5.8402563085878345
301,3010,195.42663908870156,-4.199999999999996,11.373653766490342,27.85964823898535,8.042387705153239,776.1599999999994,448.1161849342197,6.0,27.85964823898535,8.042387705153239
302,3020,196.0573026510498,1.1454545454545444,8.172887688145199,27.106401915292793,5.779104306163514,734.757024793389,313.30144806653504,11.0,27.106401915292793,5.779104306163514
303,3030,196.68796621339803,9.45,9.384145539152724,26.54237178550553,6.6355929463763825,704.4975,352.24875,8.0,26.54237178550553,6.6355929463763825
304,3040,197.31862977574627,-5.400000000000003,8.387746164154338,22.191890410688334,5.931032191544986,492.4800000000008,263.241632834062,7.0,22.191890410688334,5.931032191544986
305,3050,197.94929333809452,2.5200000000000022,7.303653880079469,23.09618150257741,5.164463186043632,533.4335999999988,238.5587582164858,10.0,23.09618150257741,5.164463186043632
306,3060,198.57995690044274,7.559999999999995,3.1875758814497455,10.08000000000006,2.2539565213198016,101.60640000000122,45.439763469807474,10.0,10.08000000000006,2.2539565213198016
307,3070,199.21062046279098,2.1000000000000036,5.522906843320827,19.131910516203035,3.905284880773746,366.03000000000026,149.4311217584879,12.0,19.131910516203035,3.905284880773746
308,3080,199.84128402513923,10.499999999999996,5.522906843320827,19.131910516203035,3.905284880773746,366.03000000000026,149.4311217584879,12.0,19.131910516203035,3.905284880773746
309,3090,200.47194758748745,0.9692307692307658,5.889468934732708,21.234782229431058,4.16448342133701,450.91597633136104,176.86379710033478,13.0,21.234782229431058,4.16448342133701
310,3100,201.1026111498357,-11.273684210526312,5.127779117336453,22.351470977267795,3.6258873862953758,499.5882548476445,162.08783336324493,19.0,22.351470977267795,3.6258873862953758
311,3110,201.7332747121839,2.9076923076923085,5.840183809404338,21.05708218294195,4.129633575005691,443.4007100591713,173.91606714866242,13.0,21.05708218294195,4.129633575005691
312,3120,202.36393827453216,0.0,7.8574805122252815,19.246817918814536,5.556077753235643,370.44000000000034,213.87363371860516,6.0,19.246817918814536,5.556077753235643
313,3130,202.9946018368804,-3.15,6.2007812007843,17.538457742914566,4.384614435728642,307.59749999999997,153.79874999999998,8.0,17.538457742914566,4.384614435728642
314,3140,203.62526539922862,0.0,7.8574805122252815,19.246817918814536,5.556077753235643,370.44000000000034,213.87363371860516,6.0,19.246817918814536,5.556077753235643
315,3150,204.25592896157687,6.3,5.250000000000003,18.186533479473223,3.7123106012293765,330.75000000000034,135.02812207092285,12.0,18.186533479473223,3.7123106012293765
316,3160,204.88659252392512,16.799999999999997,3.834057902536193,9.391485505499189,2.7110883423452132,88.20000000000135,50.92229374252579,6.0,9.391485505499189,2.7110883423452132
317,3170,205.51725608627333,-10.661538461538457,6.96851361959308,25.12533316921201,4.92748323520508,631.2823668639052,247.60931594046858,13.0,25.12533316921201,4.92748323520508
318,3180,206.14791964862158,4.199999999999996,4.849742261192867,11.879393923934025,3.429285639896457,141.12000000000063,81.47566998804035,6.0,11.879393923934025,3.429285639896457
319,3190,206.7785832109698,8.018181818181821,6.330691581321989,20.996528638706735,4.476474946753366,440.85421487603213,187.9808688399205,11.0,20.996528638706735,4.476474946753366
320,3200,207.40924677331805,-1.575,5.879941405958056,23.519765623832225,4.157746441132503,553.1793749999999,195.57844363751803,16.0,23.519765623832225,4.157746441132503
321,3210,208.0399103356663,1.399999999999995,8.028836915906455,24.08651074771936,5.677245028278341,580.1600000000002,273.4900467821251,9.0,24.08651074771936,5.677245028278341
322,3220,208.6705738980145,9.000000000000002,3.3329523591811685,8.818163074019399,2.356753214548706,77.75999999999924,41.564468342219826,7.0,8.818163074019399,2.356753214548706
323,3230,209.30123746036276,4.199999999999996,6.858571279792906,20.575713839378714,4.849742261192861,423.3600000000008,199.57381792209156,9.0,20.575713839378714,4.849742261192861
324,3240,209.931901022711,9.000000000000002,6.665904718362368,24.941531628991825,4.713506429097434,622.0799999999995,235.1241393695799,14.0,24.941531628991825,4.713506429097434
325,3250,210.56256458505922,16.2,6.085110634045329,16.09968943799851,4.302822993603824,259.20000000000084,138.54822780740125,7.0,16.09968943799851,4.302822993603824
326,3260,211.19322814740747,-4.199999999999996,6.182232606429491,21.415881957089685,4.371498598878876,458.63999999999953,187.2389959383459,12.0,21.415881957089685,4.371498598878876
327,3270,211.82389170975569,4.846153846153851,5.0434398820976485,18.184381099623128,3.5662505411379293,330.6717159763308,129.70011787357862,13.0,18.184381099623128,3.5662505411379293
328,3280,212.45455527210393,6.784615384615383,4.023273214123649,14.506117868723624,2.8448837722730285,210.42745562130284,82.5364386468233,13.0,14.506117868723624,2.8448837722730285
329,3290,213.08521883445218,6.3,5.678743258855783,22.71497303542313,4.015477866954318,515.9699999999999,182.42294294441143,16.0,22.71497303542313,4.015477866954318
330,3300,213.7158823968004,-1.399999999999995,8.028836915906446,24.086510747719338,5.677245028278334,580.1599999999992,273.4900467821245,9.0,24.086510747719338,5.677245028278334
331,3310,214.34654595914864,9.799999999999999,4.759084879353264,14.27725463805979,3.3651811904330544,203.83999999999978,96.09109751804378,9.0,14.27725463805979,3.3651811904330544
332,3320,214.9772095214969,-6.3,8.626630280706365,24.399795081106728,6.099948770276682,595.35,297.675,8.0,24.399795081106728,6.099948770276682
333,3330,215.6078730838451,-6.784615384615383,6.800572949703732,24.519814472690197,4.808731248689311,601.2213017751476,235.81839613377954,13.0,24.519814472690197,4.808731248689311
334,3340,216.23853664619335,6.3,3.857946344883505,10.911920087683926,2.7279800219209815,119.06999999999998,59.53499999999999,8.0,10.911920087683926,2.7279800219209815
335,3350,216.86920020854157,-4.199999999999996,7.919595949289325,23.758787847867975,5.599999999999994,564.479999999999,266.09842389612106,9.0,23.758787847867975,5.599999999999994
336,3360,217.49986377088982,1.399999999999995,8.028836915906455,24.08651074771936,5.677245028278341,580.1600000000002,273.4900467821251,9.0,24.08651074771936,5.677245028278341
337,3370,218.13052733323806,12.6,4.454772721475249,12.6,3.1499999999999995,158.76,79.37999999999998,8.0,12.6,3.1499999999999995
338,3380,218.76119089558628,-7.559999999999995,6.9471605710534705,21.96885067544499,4.912384349783717,482.6303999999998,215.83887648158282,10.0,21.96885067544499,4.912384349783717
339,3390,219.39185445793453,10.30909090909091,8.231058441377044,27.299332477535184,5.820237240240482,745.2535537190073,317.77718303891345,11.0,27.299332477535184,5.820237240240482
340,3400,220.02251802028277,12.6,0.0,0.0,0.0,0.0,0.0,2.0,0.0,0.0
341,3410,220.653181582631,12.6,4.454772721475249,12.6,3.1499999999999995,158.76,79.37999999999998,8.0,12.6,3.1499999999999995
342,3420,221.28384514497924,4.846153846153851,7.449654417024357,26.860110985068115,5.2677011557742395,721.4655621301767,282.9820753605353,13.0,26.860110985068115,5.2677011557742395
343,3430,221.91450870732749,9.000000000000002,10.713942851656968,28.346428346442522,7.575901643651778,803.52,429.49950620294254,7.0,28.346428346442522,7.575901643651778
344,3440,222.5451722696757,-9.799999999999999,8.347987115999214,25.043961347997644,5.902918298980974,627.1999999999999,295.664915440135,9.0,25.043961347997644,5.902918298980974
345,3450,223.17583583202395,7.559999999999995,4.781363822174597,15.120000000000024,3.380934781979687,228.61440000000073,102.23946780706589,10.0,15.120000000000024,3.380934781979687
346,3460,223.80649939437217,10.499999999999996,4.656447143477531,16.130406070524096,3.2926053513896902,260.1900000000006,106.22212269579278,12.0,16.130406070524096,3.2926053513896902
347,3470,224.4371629567204,0.9692307692307658,7.050984107027923,25.422684740370844,4.9857986761180175,646.3128994082846,253.50477584381335,13.0,25.422684740370844,4.9857986761180175
348,3480,225.06782651906866,22.679999999999996,3.9039672129770775,12.345428303627223,2.7605216898260383,152.4096000000001,68.15964520471044,10.0,12.345428303627223,2.7605216898260383
349,3490,225.69849008141688,21.000000000000004,6.8585712797928595,11.879393923933929,4.849742261192828,141.11999999999836,115.22399750051937,3.0,11.879393923933929,4.849742261192828
350,3500,226.32915364376512,-2.5200000000000022,9.015826085279157,20.160000000000007,6.3751517628994545,406.4256000000003,257.0461190801061,5.0,20.160000000000007,6.3751517628994545
351,3510,226.95981720611337,0.0,7.346999387505077,23.233252032378072,5.1951130882782515,539.7839999999998,241.3987434333492,10.0,23.233252032378072,5.1951130882782515
352,3520,227.5904807684616,7.559999999999995,6.94716057105348,21.96885067544502,4.912384349783723,482.63040000000103,215.83887648158338,10.0,21.96885067544502,4.912384349783723
353,3530,228.22114433080984,9.000000000000002,6.085110634045316,16.099689437998478,4.302822993603815,259.19999999999976,138.54822780740065,7.0,16.099689437998478,4.302822993603815
354,3540,228.85180789315805,-1.8000000000000047,9.998857077543564,26.454489222058342,7.070259643646158,699.840000000001,374.0802150799827,7.0,26.454489222058342,7.070259643646158
355,3550,229.4824714555063,12.6,0.0,0.0,0.0,0.0,0.0,5.0,0.0,0.0
356,3560,230.11313501785455,6.3,5.455960043841963,10.911920087683926,3.857946344883505,119.06999999999998,84.1952044358822,4.0,10.911920087683926,3.857946344883505
357,3570,230.74379858020276,-1.8000000000000047,6.938093603947918,18.356470248934055,4.905973035858587,336.9600000000011,180.11269614962168,7.0,18.356470248934055,4.905973035858587
358,3580,231.374462142551,-6.3,5.893110384168957,16.66823325970692,4.16705831492673,277.83000000000004,138.91500000000002,8.0,16.66823325970692,4.16705831492673
359,3590,232.00512570489926,-12.6,10.08,22.539565213197875,7.127636354360399,508.0319999999998,321.30764885013235,5.0,22.539565213197875,7.127636354360399
360,3600,232.63578926724747,7.559999999999995,11.042086759304153,24.690856607254446,7.807934425954155,609.6384000000004,385.56917862015916,5.0,24.690856607254446,7.807934425954155
361,3610,233.26645282959572,-3.15,6.2007812007843,17.538457742914566,4.384614435728642,307.59749999999997,153.79874999999998,8.0,17.538457742914566,4.384614435728642
362,3620,233.89711639194394,3.5999999999999983,4.8346960312191,18.089776118017603,3.418646348650714,327.2400000000001,123.68509414753953,14.0,18.089776118017603,3.418646348650714
363,3630,234.52777995429219,0.0,7.71589268976701,21.823840175367852,5.455960043841963,476.2799999999999,238.13999999999996,8.0,21.823840175367852,5.455960043841963
364,3640,235.15844351664043,5.727272727272722,4.68479324555191,15.537701415886998,3.3126490723866904,241.42016528925683,102.94190436471885,11.0,15.537701415886998,3.3126490723866904
365,3650,235.78910707898865,4.199999999999996,18.146073955542015,31.429922048901123,12.831211945876358,987.8400000000008,806.5679825036456,3.0,31.429922048901123,12.831211945876358
366,3660,236.4197706413369,-6.3,10.44736808961951,20.89473617923902,7.387404821721901,436.59,308.71574959823477,4.0,20.89473617923902,7.387404821721901
367,3670,237.05043420368514,-2.5200000000000022,13.523739127918725,30.23999999999999,9.562727644349179,914.4575999999995,578.3537679302382,5.0,30.23999999999999,9.562727644349179
368,3680,237.68109776603336,12.6,3.9597979746446588,11.879393923933977,2.799999999999995,141.1199999999995,66.52460597403015,9.0,11.879393923933977,2.799999999999995
369,3690,238.3117613283816,-12.6,11.879393923934002,20.5757138393787,8.400000000000002,423.36000000000024,345.6719925015623,3.0,20.5757138393787,8.400000000000002
370,3700,238.94242489072982,12.6,8.909545442950499,17.819090885900998,6.3,317.52000000000004,224.52054516235256,4.0,17.819090885900998,6.3
371,3710,239.57308845307807,-12.6,7.127636354360401,15.937879407248637,5.040000000000002,254.01600000000016,160.65382442506632,5.0,15.937879407248637,5.040000000000002
372,3720,240.20375201542632,0.0,11.786220768337914,33.33646651941384,8.33411662985346,1111.3200000000002,555.6600000000001,8.0,33.33646651941384,8.33411662985346
373,3730,240.83441557777454,-21.000000000000004,13.717142559585799,23.758787847868003,9.699484522385715,564.4800000000002,460.89599000208295,3.0,23.758787847868003,9.699484522385715
374,3740,241.46507914012278,-29.400000000000002,6.858571279792907,11.879393923934012,4.849742261192863,141.12000000000032,115.22399750052098,3.0,11.879393923934012,4.849742261192863
375,3750,242.09574270247103,-5.0400000000000045,6.22394087375515,19.681829183284773,4.400990797536393,387.3744000000002,173.239098228639,10.0,19.681829183284773,4.400990797536393
376,3760,242.72640626481925,12.6,0.0,0.0,0.0,0.0,0.0,2.0,0.0,0.0
377,3770,243.3570698271675,2.5200000000000022,9.015826085279144,20.159999999999982,6.3751517628994465,406.42559999999924,257.0461190801054,5.0,20.159999999999982,6.3751517628994465
378,3780,243.9877333895157,12.6,0.0,0.0,0.0,0.0,0.0,4.0,0.0,0.0
379,3790,244.61839695186396,17.640000000000004,4.507913042639553,10.079999999999949,3.18757588144971,101.60639999999896,64.26152977002583,5.0,10.079999999999949,3.18757588144971
380,3800,245.2490605142122,-7.559999999999995,8.433533067463474,18.857953229340644,5.963408421364407,355.6223999999992,224.9153541950922,5.0,18.857953229340644,5.963408421364407
381,3810,245.87972407656042,-4.199999999999996,9.699484522385706,23.758787847867975,6.858571279792893,564.479999999999,325.9026799521594,6.0,23.758787847867975,6.858571279792893
382,3820,246.51038763890867,9.799999999999999,7.349074015744357,22.047222047233067,5.196580071974687,486.07999999999987,229.1403094661046,9.0,22.047222047233067,5.196580071974687
383,3830,247.14105120125691,7.559999999999995,8.433533067463486,18.85795322934067,5.963408421364416,355.6224000000002,224.9153541950929,5.0,18.85795322934067,5.963408421364416
384,3840,247.77171476360513,7.559999999999995,11.042086759304153,24.690856607254446,7.807934425954155,609.6384000000004,385.56917862015916,5.0,24.690856607254446,7.807934425954155
385,3850,248.40237832595338,-12.6,10.287856919689347,25.2,7.274613391789284,635.04,366.6405149461799,6.0,25.2,7.274613391789284
386,3860,249.03304188830163,-1.8000000000000047,8.60564598720764,22.768399153212343,6.085110634045323,518.4000000000005,277.0964556148019,7.0,22.768399153212343,6.085110634045323
387,3870,249.66370545064984,12.6,5.091168824543149,13.469966592386205,3.6000000000000054,181.44000000000048,96.98375946518082,7.0,13.469966592386205,3.6000000000000054
388,3880,250.2943690129981,-2.5200000000000022,9.015826085279157,20.160000000000007,6.3751517628994545,406.4256000000003,257.0461190801061,5.0,20.160000000000007,6.3751517628994545
389,3890,250.9250325753463,12.6,0.0,0.0,0.0,0.0,0.0,4.0,0.0,0.0
390,3900,251.55569613769455,2.5200000000000022,11.492968284999305,25.699058348507624,8.126755810284934,660.4415999999994,417.6999435051718,5.0,25.699058348507624,8.126755810284934
391,3910,252.1863597000428,6.999999999999997,6.599663291074449,19.798989873223345,4.6666666666666705,392.00000000000057,184.7905721500847,9.0,19.798989873223345,4.6666666666666705
392,3920,252.81702326239102,7.559999999999995,4.507913042639602,10.08000000000006,3.1875758814497455,101.60640000000122,64.26152977002725,5.0,10.08000000000006,3.1875758814497455
393,3930,253.44768682473926,-1.1454545454545444,4.980961499605868,16.519980389398633,3.5220716532004244,272.90975206611535,116.36910928185566,11.0,16.519980389398633,3.5220716532004244
394,3940,254.0783503870875,-12.6,15.43178537953402,30.86357075906804,10.911920087683926,952.5599999999998,673.5616354870576,4.0,30.86357075906804,10.911920087683926
395,3950,254.70901394943573,6.3,7.3874048217219,20.89473617923902,5.223684044809755,436.59,218.295,8.0,20.89473617923902,5.223684044809755
396,3960,255.33967751178398,-3.15,8.839665576253436,25.00234988956038,6.250587472390095,625.1175000000001,312.55875000000003,8.0,25.00234988956038,6.250587472390095
397,3970,255.9703410741322,0.0,14.087228258248675,28.17445651649735,9.961174629530396,793.8000000000001,561.3013629058814,4.0,28.17445651649735,9.961174629530396
398,3980,256.6010046364804,12.6,0.0,0.0,0.0,0.0,0.0,3.0,0.0,0.0
399,3990,257.2316681988287,0.0,9.8498730956292,24.127163115459712,6.964912059746338,582.1199999999995,336.0871387006647,6.0,24.127163115459712,6.964912059746338
400,4000,257.8623317611769,-12.6,11.879393923934002,20.5757138393787,8.400000000000002,423.36000000000024,345.6719925015623,3.0,20.5757138393787,8.400000000000002
401,4010,258.4929953235251,7.559999999999995,4.507913042639602,10.08000000000006,3.1875758814497455,101.60640000000122,64.26152977002725,5.0,10.08000000000006,3.1875758814497455
402,4020,259.1236588858734,-21.000000000000004,13.717142559585799,23.758787847868003,9.699484522385715,564.4800000000002,460.89599000208295,3.0,23.758787847868003,9.699484522385715
403,4030,259.7543224482216,-4.199999999999996,6.858571279792887,11.879393923933977,4.849742261192848,141.1199999999995,115.22399750052028,3.0,11.879393923933977,4.849742261192848
404,4040,260.38498601056983,-18.9,10.44736808961951,20.89473617923902,7.387404821721901,436.59,308.71574959823477,4.0,20.89473617923902,7.387404821721901
405,4050,261.01564957291805,-6.3,9.70895205467614,27.461063344306247,6.86526583607656,754.1100000000001,377.05499999999995,8.0,27.461063344306247,6.86526583607656
406,4060,261.6463131352663,-4.199999999999996,6.858571279792887,11.879393923933977,4.849742261192848,141.1199999999995,115.22399750052028,3.0,11.879393923933977,4.849742261192848
407,4070,262.27697669761454,-12.6,10.08,22.539565213197875,7.127636354360399,508.0319999999998,321.30764885013235,5.0,22.539565213197875,7.127636354360399
408,4080,262.9076402599628,-2.5200000000000022,9.015826085279157,20.160000000000007,6.3751517628994545,406.4256000000003,257.0461190801061,5.0,20.160000000000007,6.3751517628994545
409,4090,263.53830382231104,0.0,14.087228258248675,28.17445651649735,9.961174629530396,793.8000000000001,561.3013629058814,4.0,28.17445651649735,9.961174629530396
410,4100,264.16896738465925,12.6,0.0,0.0,0.0,0.0,0.0,1.0,0.0,0.0
411,4110,264.79963094700753,4.199999999999996,9.699484522385715,23.758787847868003,6.8585712797928995,564.4800000000002,325.90267995216004,6.0,23.758787847868003,6.8585712797928995
412,4120,265.43029450935575,-7.559999999999995,8.433533067463474,18.857953229340644,5.963408421364407,355.6223999999992,224.9153541950922,5.0,18.857953229340644,5.963408421364407
413,4130,266.06095807170396,-37.8,0.0,0.0,0.0,0.0,0.0,2.0,0.0,0.0
414,4140,266.69162163405224,12.6,0.0,0.0,0.0,0.0,0.0,2.0,0.0,0.0
415,4150,267.32228519640046,-6.3,10.44736808961951,20.89473617923902,7.387404821721901,436.59,308.71574959823477,4.0,20.89473617923902,7.387404821721901
416,4160,267.9529487587487,-6.3,10.44736808961951,20.89473617923902,7.387404821721901,436.59,308.71574959823477,4.0,20.89473617923902,7.387404821721901
417,4170,268.5836123210969,2.5200000000000022,9.015826085279144,20.159999999999982,6.3751517628994465,406.42559999999924,257.0461190801054,5.0,20.159999999999982,6.3751517628994465
418,4180,269.21427588344517,-4.199999999999996,9.699484522385706,23.758787847867975,6.858571279792893,564.479999999999,325.9026799521594,6.0,23.758787847867975,6.858571279792893
419,4190,269.8449394457934,12.6,0.0,0.0,0.0,0.0,0.0,2.0,0.0,0.0
420,4200,270.4756030081416,-7.559999999999995,11.042086759304143,24.69085660725442,7.807934425954148,609.6383999999994,385.5691786201584,5.0,24.69085660725442,7.807934425954148
421,4210,271.1062665704899,-6.3,8.626630280706365,24.399795081106728,6.099948770276682,595.35,297.675,8.0,24.399795081106728,6.099948770276682
422,4220,271.7369301328381,-17.640000000000004,11.042086759304153,24.690856607254446,7.807934425954155,609.6384000000004,385.56917862015916,5.0,24.690856607254446,7.807934425954155
423,4230,272.3675936951863,-12.6,8.909545442950499,17.819090885900998,6.3,317.52000000000004,224.52054516235256,4.0,17.819090885900998,6.3
424,4240,272.9982572575346,0.0,10.911920087683926,21.823840175367852,7.71589268976701,476.2799999999999,336.7808177435288,4.0,21.823840175367852,7.71589268976701
425,4250,273.6289208198828,-19.799999999999997,8.38774616415433,22.19189041068831,5.931032191544979,492.4799999999997,263.24163283406136,7.0,22.19189041068831,5.931032191544979
426,4260,274.259584382231,-12.6,12.600000000000003,25.2,8.909545442950499,635.04,449.0410903247051,4.0,25.2,8.909545442950499
427,4270,274.8902479445793,-4.199999999999996,7.668115805072325,18.78297101099823,5.422176684690382,352.79999999999984,203.68917497009988,6.0,18.78297101099823,5.422176684690382
428,4280,275.5209115069275,-7.559999999999995,11.042086759304143,24.69085660725442,7.807934425954148,609.6383999999994,385.5691786201584,5.0,24.69085660725442,7.807934425954148
429,4290,276.15157506927574,-3.15,11.733485735279178,33.187309321486126,8.296827330371531,1101.3974999999998,550.6987499999999,8.0,33.187309321486126,8.296827330371531
430,4300,276.782238631624,0.0,8.909545442950497,12.6,6.3,158.76,158.76,2.0,12.6,6.3
431,4310,277.41290219397223,0.0,6.300000000000002,12.6,4.4547727214752495,158.76,112.26027258117628,4.0,12.6,4.4547727214752495
432,4320,278.04356575632045,0.0,8.909545442950497,12.6,6.3,158.76,158.76,2.0,12.6,6.3
433,4330,278.6742293186687,21.000000000000004,6.8585712797928595,11.879393923933929,4.849742261192828,141.11999999999836,115.22399750051937,3.0,11.879393923933929,4.849742261192828
434,4340,279.30489288101694,-12.6,11.879393923934002,20.5757138393787,8.400000000000002,423.36000000000024,345.6719925015623,3.0,20.5757138393787,8.400000000000002
435,4350,279.93555644336516,12.6,0.0,0.0,0.0,0.0,0.0,2.0,0.0,0.0
436,4360,280.5662200057134,-12.6,11.879393923934002,20.5757138393787,8.400000000000002,423.36000000000024,345.6719925015623,3.0,20.5757138393787,8.400000000000002
437,4370,281.19688356806165,0.0,26.728636328851493,37.8,18.9,1428.84,1428.84,2.0,37.8,18.9
438,4380,281.82754713040987,12.6,0.0,0.0,0.0,0.0,0.0,3.0,0.0,0.0
439,4390,282.4582106927581,-12.6,11.879393923934002,20.5757138393787,8.400000000000002,423.36000000000024,345.6719925015623,3.0,20.5757138393787,8.400000000000002
440,4400,283.08887425510636,-75.6,0.0,0.0,0.0,0.0,0.0,0.0,0.0,0.0
441,4410,283.7195378174546,12.6,0.0,0.0,0.0,0.0,0.0,3.0,0.0,0.0
442,4420,284.3502013798028,29.400000000000006,13.717142559585774,23.758787847867954,9.699484522385696,564.479999999998,460.89599000208113,3.0,23.758787847867954,9.699484522385696
443,4430,284.9808649421511,12.6,0.0,0.0,0.0,0.0,0.0,1.0,0.0,0.0
444,4440,285.6115285044993,37.8,0.0,0.0,0.0,0.0,0.0,1.0,0.0,0.0
445,4450,286.2421920668475,12.6,0.0,0.0,0.0,0.0,0.0,1.0,0.0,0.0
446,4460,286.8728556291958,12.6,0.0,0.0,0.0,0.0,0.0,1.0,0.0,0.0
447,4470,287.503519191544,12.6,0.0,0.0,0.0,0.0,0.0,2.0,0.0,0.0
448,4480,288.1341827538922,6.3,5.455960043841963,10.911920087683926,3.857946344883505,119.06999999999998,84.1952044358822,4.0,10.911920087683926,3.857946344883505
449,4490,288.7648463162405,-75.6,0.0,0.0,0.0,0.0,0.0,0.0,0.0,0.0
450,4500,289.3955098785887,-21.000000000000004,6.858571279792914,11.879393923934025,4.849742261192867,141.12000000000063,115.22399750052122,3.0,11.879393923934025,4.849742261192867
451,4510,290.02617344093693,-12.6,12.600000000000003,25.2,8.909545442950499,635.04,449.0410903247051,4.0,25.2,8.909545442950499
452,4520,290.65683700328515,-12.6,11.879393923934002,20.5757138393787,8.400000000000002,423.36000000000024,345.6719925015623,3.0,20.5757138393787,8.400000000000002
453,4530,291.2875005656334,0.0,8.909545442950497,25.2,6.3,635.04,317.52,8.0,25.2,6.3
454,4540,291.91816412798164,12.6,17.819090885900994,25.2,12.6,635.04,635.04,2.0,25.2,12.6
455,4550,292.54882769032986,-12.6,12.600000000000003,25.2,8.909545442950499,635.04,449.0410903247051,4.0,25.2,8.909545442950499
456,4560,293.17949125267813,-75.6,0.0,0.0,0.0,0.0,0.0,0.0,0.0,0.0
457,4570,293.81015481502635,25.2,8.909545442950497,12.6,6.3,158.76,158.76,2.0,12.6,6.3
458,4580,294.44081837737457,-75.6,0.0,0.0,0.0,0.0,0.0,0.0,0.0,0.0
459,4590,295.07148193972284,21.000000000000004,6.8585712797928595,11.879393923933929,4.849742261192828,141.11999999999836,115.22399750051937,3.0,11.879393923933929,4.849742261192828
460,4600,295.70214550207106,12.6,0.0,0.0,0.0,0.0,0.0,4.0,0.0,0.0
461,4610,296.3328090644193,0.0,6.300000000000002,12.6,4.4547727214752495,158.76,112.26027258117628,4.0,12.6,4.4547727214752495
462,4620,296.96347262676755,12.6,0.0,0.0,0.0,0.0,0.0,1.0,0.0,0.0
463,4630,297.5941361891158,12.6,17.819090885900994,25.2,12.6,635.04,635.04,2.0,25.2,12.6
464,4640,298.224799751464,12.6,0.0,0.0,0.0,0.0,0.0,2.0,0.0,0.0
465,4650,298.85546331381227,0.0,26.728636328851493,37.8,18.9,1428.84,1428.84,2.0,37.8,18.9
466,4660,299.4861268761605,0.0,26.728636328851493,37.8,18.9,1428.84,1428.84,2.0,37.8,18.9
467,4670,300.1167904385087,12.6,0.0,0.0,0.0,0.0,0.0,1.0,0.0,0.0
468,4680,300.747454000857,-75.6,0.0,0.0,0.0,0.0,0.0,0.0,0.0,0.0
469,4690,301.3781175632052,-12.6,0.0,0.0,0.0,0.0,0.0,1.0,0.0,0.0
470,4700,302.0087811255534,12.6,0.0,0.0,0.0,0.0,0.0,1.0,0.0,0.0
471,4710,302.63944468790163,37.8,0.0,0.0,0.0,0.0,0.0,1.0,0.0,0.0
472,4720,303.2701082502499,6.3,13.730531672153123,27.461063344306247,9.708952054676137,754.1100000000001,533.2362947605874,4.0,27.461063344306247,9.708952054676137
473,4730,303.9007718125981,12.6,0.0,0.0,0.0,0.0,0.0,2.0,0.0,0.0
474,4740,304.53143537494634,12.6,0.0,0.0,0.0,0.0,0.0,3.0,0.0,0.0
475,4750,305.1620989372946,12.6,0.0,0.0,0.0,0.0,0.0,3.0,0.0,0.0
476,4760,305.79276249964283,12.6,17.819090885900994,25.2,12.6,635.04,635.04,2.0,25.2,12.6
477,4770,306.42342606199105,0.0,26.728636328851493,37.8,18.9,1428.84,1428.84,2.0,37.8,18.9
478,4780,307.0540896243393,12.6,17.819090885900994,25.2,12.6,635.04,635.04,2.0,25.2,12.6
479,4790,307.68475318668754,-75.6,0.0,0.0,0.0,0.0,0.0,0.0,0.0,0.0
480,4800,308.31541674903576,4.199999999999996,18.146073955542015,31.429922048901123,12.831211945876358,987.8400000000008,806.5679825036456,3.0,31.429922048901123,12.831211945876358
481,4810,308.94608031138404,37.8,0.0,0.0,0.0,0.0,0.0,1.0,0.0,0.0
482,4820,309.57674387373225,-6.3,10.44736808961951,20.89473617923902,7.387404821721901,436.59,308.71574959823477,4.0,20.89473617923902,7.387404821721901
483,4830,310.2074074360805,0.0,10.911920087683926,21.823840175367852,7.71589268976701,476.2799999999999,336.7808177435288,4.0,21.823840175367852,7.71589268976701
484,4840,310.83807099842875,2.5200000000000022,9.015826085279144,20.159999999999982,6.3751517628994465,406.42559999999924,257.0461190801054,5.0,20.159999999999982,6.3751517628994465
485,4850,311.46873456077697,12.6,0.0,0.0,0.0,0.0,0.0,3.0,0.0,0.0
486,4860,312.0993981231252,0.0,8.909545442950497,12.6,6.3,158.76,158.76,2.0,12.6,6.3
487,4870,312.7300616854734,4.199999999999996,6.858571279792914,11.879393923934025,4.849742261192867,141.12000000000063,115.22399750052122,3.0,11.879393923934025,4.849742261192867
488,4880,313.3607252478217,0.0,8.909545442950497,12.6,6.3,158.76,158.76,2.0,12.6,6.3
489,4890,313.9913888101699,-12.6,0.0,0.0,0.0,0.0,0.0,2.0,0.0,0.0
490,4900,314.6220523725181,12.6,0.0,0.0,0.0,0.0,0.0,1.0,0.0,0.0
491,4910,315.2527159348664,12.6,0.0,0.0,0.0,0.0,0.0,3.0,0.0,0.0
492,4920,315.8833794972146,12.6,0.0,0.0,0.0,0.0,0.0,3.0,0.0,0.0
493,4930,316.5140430595628,12.6,0.0,0.0,0.0,0.0,0.0,3.0,0.0,0.0
494,4940,317.1447066219111,-12.6,11.879393923934002,20.5757138393787,8.400000000000002,423.36000000000024,345.6719925015623,3.0,20.5757138393787,8.400000000000002
495,4950,317.7753701842593,0.0,8.909545442950497,12.6,6.3,158.76,158.76,2.0,12.6,6.3
496,4960,318.40603374660753,12.6,0.0,0.0,0.0,0.0,0.0,1.0,0.0,0.0
497,4970,319.0366973089558,-75.6,0.0,0.0,0.0,0.0,0.0,0.0,0.0,0.0
498,4980,319.667360871304,18.9,5.455960043841963,10.911920087683926,3.857946344883505,119.06999999999998,84.1952044358822,4.0,10.911920087683926,3.857946344883505
499,4990,320.29802443365224,-75.6,0.0,0.0,0.0,0.0,0.0,0.0,0.0,0.0
500,5000,320.9286879960005,-12.6,0.0,0.0,0.0,0.0,0.0,1.0,0.0,0.0
501,5010,321.55935155834874,6.3,13.730531672153123,27.461063344306247,9.708952054676137,754.1100000000001,533.2362947605874,4.0,27.461063344306247,9.708952054676137
502,5020,322.19001512069696,0.0,8.909545442950497,12.6,6.3,158.76,158.76,2.0,12.6,6.3
503,5030,322.8206786830452,-12.6,0.0,0.0,0.0,0.0,0.0,1.0,0.0,0.0
504,5040,323.45134224539345,4.199999999999996,18.146073955542015,31.429922048901123,12.831211945876358,987.8400000000008,806.5679825036456,3.0,31.429922048901123,12.831211945876358
505,5050,324.08200580774167,12.6,0.0,0.0,0.0,0.0,0.0,1.0,0.0,0.0
506,5060,324.7126693700899,-12.6,0.0,0.0,0.0,0.0,0.0,1.0,0.0,0.0
507,5070,325.34333293243816,-75.6,0.0,0.0,0.0,0.0,0.0,0.0,0.0,0.0
508,5080,325.9739964947864,-75.6,0.0,0.0,0.0,0.0,0.0,0.0,0.0,0.0
509,5090,326.6046600571346,-37.8,0.0,0.0,0.0,0.0,0.0,2.0,0.0,0.0
510,5100,327.23532361948287,-4.199999999999996,13.717142559585787,23.758787847867975,9.699484522385706,564.479999999999,460.89599000208204,3.0,23.758787847867975,9.699484522385706
511,5110,327.8659871818311,-75.6,0.0,0.0,0.0,0.0,0.0,0.0,0.0,0.0
512,5120,328.4966507441793,-75.6,0.0,0.0,0.0,0.0,0.0,0.0,0.0,0.0
513,5130,329.1273143065276,37.8,0.0,0.0,0.0,0.0,0.0,1.0,0.0,0.0
514,5140,329.7579778688758,-75.6,0.0,0.0,0.0,0.0,0.0,0.0,0.0,0.0
515,5150,330.388641431224,12.6,0.0,0.0,0.0,0.0,0.0,1.0,0.0,0.0
516,5160,331.0193049935723,-75.6,0.0,0.0,0.0,0.0,0.0,0.0,0.0,0.0
517,5170,331.6499685559205,-75.6,0.0,0.0,0.0,0.0,0.0,0.0,0.0,0.0
518,5180,332.2806321182687,12.6,0.0,0.0,0.0,0.0,0.0,2.0,0.0,0.0
519,5190,332.911295680617,12.6,0.0,0.0,0.0,0.0,0.0,1.0,0.0,0.0
520,5200,333.5419592429652,-4.199999999999996,6.858571279792887,11.879393923933977,4.849742261192848,141.1199999999995,115.22399750052028,3.0,11.879393923933977,4.849742261192848
521,5210,334.17262280531344,12.6,0.0,0.0,0.0,0.0,0.0,3.0,0.0,0.0
522,5220,334.80328636766166,12.6,0.0,0.0,0.0,0.0,0.0,1.0,0.0,0.0
523,5230,335.43394993000993,6.3,13.730531672153123,27.461063344306247,9.708952054676137,754.1100000000001,533.2362947605874,4.0,27.461063344306247,9.708952054676137
524,5240,336.06461349235815,12.6,0.0,0.0,0.0,0.0,0.0,2.0,0.0,0.0
525,5250,336.69527705470637,-12.6,17.819090885900994,25.2,12.6,635.04,635.04,2.0,25.2,12.6
526,5260,337.32594061705464,-37.8,0.0,0.0,0.0,0.0,0.0,1.0,0.0,0.0
527,5270,337.95660417940286,-25.2,8.909545442950497,12.6,6.3,158.76,158.76,2.0,12.6,6.3
528,5280,338.5872677417511,-12.6,17.819090885900994,25.2,12.6,635.04,635.04,2.0,25.2,12.6
529,5290,339.21793130409935,12.6,0.0,0.0,0.0,0.0,0.0,1.0,0.0,0.0
530,5300,339.84859486644757,25.2,8.909545442950497,12.6,6.3,158.76,158.76,2.0,12.6,6.3
531,5310,340.4792584287958,12.6,0.0,0.0,0.0,0.0,0.0,2.0,0.0,0.0
532,5320,341.10992199114406,12.6,0.0,0.0,0.0,0.0,0.0,1.0,0.0,0.0
533,5330,341.7405855534923,12.6,0.0,0.0,0.0,0.0,0.0,1.0,0.0,0.0
534,5340,342.3712491158405,12.6,0.0,0.0,0.0,0.0,0.0,1.0,0.0,0.0
535,5350,343.0019126781888,-12.6,0.0,0.0,0.0,0.0,0.0,1.0,0.0,0.0
536,5360,343.632576240537,12.6,0.0,0.0,0.0,0.0,0.0,2.0,0.0,0.0
537,5370,344.2632398028852,12.6,0.0,0.0,0.0,0.0,0.0,2.0,0.0,0.0
538,5380,344.8939033652334,-75.6,0.0,0.0,0.0,0.0,0.0,0.0,0.0,0.0
539,5390,345.5245669275817,12.6,0.0,0.0,0.0,0.0,0.0,1.0,0.0,0.0
540,5400,346.1552304899299,-12.6,0.0,0.0,0.0,0.0,0.0,1.0,0.0,0.0
541,5410,346.78589405227814,12.6,0.0,0.0,0.0,0.0,0.0,2.0,0.0,0.0
542,5420,347.4165576146264,12.6,0.0,0.0,0.0,0.0,0.0,1.0,0.0,0.0
543,5430,348.04722117697463,12.6,0.0,0.0,0.0,0.0,0.0,1.0,0.0,0.0
544,5440,348.67788473932285,-75.6,0.0,0.0,0.0,0.0,0.0,0.0,0.0,0.0
545,5450,349.3085483016711,-75.6,0.0,0.0,0.0,0.0,0.0,0.0,0.0,0.0
546,5460,349.93921186401934,-75.6,0.0,0.0,0.0,0.0,0.0,0.0,0.0,0.0
547,5470,350.56987542636756,-12.6,19.92234925906079,39.84469851812158,14.087228258248675,1587.6000000000001,1122.6027258117629,4.0,39.84469851812158,14.087228258248675
548,5480,351.20053898871583,12.6,0.0,0.0,0.0,0.0,0.0,2.0,0.0,0.0
549,5490,351.83120255106405,-37.8,0.0,0.0,0.0,0.0,0.0,1.0,0.0,0.0
550,5500,352.46186611341227,-75.6,0.0,0.0,0.0,0.0,0.0,0.0,0.0,0.0
551,5510,353.09252967576055,0.0,8.909545442950497,12.6,6.3,158.76,158.76,2.0,12.6,6.3
552,5520,353.72319323810876,-75.6,0.0,0.0,0.0,0.0,0.0,0.0,0.0,0.0
553,5530,354.353856800457,12.6,0.0,0.0,0.0,0.0,0.0,1.0,0.0,0.0
554,5540,354.98452036280526,12.6,17.819090885900994,25.2,12.6,635.04,635.04,2.0,25.2,12.6
555,5550,355.6151839251535,12.6,0.0,0.0,0.0,0.0,0.0,1.0,0.0,0.0
556,5560,356.2458474875017,12.6,0.0,0.0,0.0,0.0,0.0,1.0,0.0,0.0
557,5570,356.8765110498499,-75.6,0.0,0.0,0.0,0.0,0.0,0.0,0.0,0.0
558,5580,357.5071746121982,-75.6,0.0,0.0,0.0,0.0,0.0,0.0,0.0,0.0
559,5590,358.1378381745464,-75.6,0.0,0.0,0.0,0.0,0.0,0.0,0.0,0.0
560,5600,358.7685017368946,-12.6,17.819090885900994,25.2,12.6,635.04,635.04,2.0,25.2,12.6
561,5610,359.3991652992429,-75.6,0.0,0.0,0.0,0.0,0.0,0.0,0.0,0.0
562,5620,360.0298288615911,-75.6,0.0,0.0,0.0,0.0,0.0,0.0,0.0,0.0
563,5630,360.66049242393933,12.6,0.0,0.0,0.0,0.0,0.0,1.0,0.0,0.0
564,5640,361.2911559862876,37.8,0.0,0.0,0.0,0.0,0.0,1.0,0.0,0.0
565,5650,361.9218195486358,-75.6,0.0,0.0,0.0,0.0,0.0,0.0,0.0,0.0
566,5660,362.55248311098404,-75.6,0.0,0.0,0.0,0.0,0.0,0.0,0.0,0.0
567,5670,363.1831466733323,-75.6,0.0,0.0,0.0,0.0,0.0,0.0,0.0,0.0
568,5680,363.81381023568053,12.6,0.0,0.0,0.0,0.0,0.0,1.0,0.0,0.0
569,5690,364.44447379802875,12.6,0.0,0.0,0.0,0.0,0.0,2.0,0.0,0.0
570,5700,365.075137360377,-75.6,0.0,0.0,0.0,0.0,0.0,0.0,0.0,0.0
571,5710,365.70580092272525,12.6,0.0,0.0,0.0,0.0,0.0,1.0,0.0,0.0
572,5720,366.33646448507346,12.6,0.0,0.0,0.0,0.0,0.0,1.0,0.0,0.0
573,5730,366.9671280474217,12.6,0.0,0.0,0.0,0.0,0.0,1.0,0.0,0.0
574,5740,367.59779160976996,12.6,0.0,0.0,0.0,0.0,0.0,1.0,0.0,0.0
575,5750,368.2284551721182,-75.6,0.0,0.0,0.0,0.0,0.0,0.0,0.0,0.0
576,5760,368.8591187344664,12.6,0.0,0.0,0.0,0.0,0.0,1.0,0.0,0.0
577,5770,369.48978229681467,-75.6,0.0,0.0,0.0,0.0,0.0,0.0,0.0,0.0
578,5780,370.1204458591629,-75.6,0.0,0.0,0.0,0.0,0.0,0.0,0.0,0.0
579,5790,370.7511094215111,-75.6,0.0,0.0,0.0,0.0,0.0,0.0,0.0,0.0
580,5800,371.3817729838594,-75.6,0.0,0.0,0.0,0.0,0.0,0.0,0.0,0.0
581,5810,372.0124365462076,4.199999999999996,6.858571279792914,11.879393923934025,4.849742261192867,141.12000000000063,115.22399750052122,3.0,11.879393923934025,4.849742261192867
582,5820,372.6431001085558,-37.8,0.0,0.0,0.0,0.0,0.0,1.0,0.0,0.0
583,5830,373.2737636709041,-12.6,11.879393923934002,20.5757138393787,8.400000000000002,423.36000000000024,345.6719925015623,3.0,20.5757138393787,8.400000000000002
584,5840,373.9044272332523,-12.6,0.0,0.0,0.0,0.0,0.0,1.0,0.0,0.0
585,5850,374.5350907956005,-75.6,0.0,0.0,0.0,0.0,0.0,0.0,0.0,0.0
586,5860,375.1657543579488,-75.6,0.0,0.0,0.0,0.0,0.0,0.0,0.0,0.0
587,5870,375.796417920297,12.6,0.0,0.0,0.0,0.0,0.0,1.0,0.0,0.0
588,5880,376.42708148264524,-12.6,11.879393923934002,20.5757138393787,8.400000000000002,423.36000000000024,345.6719925015623,3.0,20.5757138393787,8.400000000000002
589,5890,377.05774504499345,12.6,0.0,0.0,0.0,0.0,0.0,1.0,0.0,0.0
590,5900,377.6884086073417,12.6,0.0,0.0,0.0,0.0,0.0,1.0,0.0,0.0
591,5910,378.31907216968995,12.6,17.819090885900994,25.2,12.6,635.04,635.04,2.0,25.2,12.6
592,5920,378.94973573203816,-75.6,0.0,0.0,0.0,0.0,0.0,0.0,0.0,0.0
593,5930,379.58039929438644,-75.6,0.0,0.0,0.0,0.0,0.0,0.0,0.0,0.0
594,5940,380.21106285673466,-37.8,0.0,0.0,0.0,0.0,0.0,1.0,0.0,0.0
595,5950,380.8417264190829,-12.6,0.0,0.0,0.0,0.0,0.0,1.0,0.0,0.0
596,5960,381.47238998143115,-75.6,0.0,0.0,0.0,0.0,0.0,0.0,0.0,0.0
597,5970,382.10305354377937,-12.6,0.0,0.0,0.0,0.0,0.0,1.0,0.0,0.0
598,5980,382.7337171061276,12.6,0.0,0.0,0.0,0.0,0.0,1.0,0.0,0.0
599,5990,383.36438066847586,-75.6,0.0,0.0,0.0,0.0,0.0,0.0,0.0,0.0
600,6000,383.9950442308241,-75.6,0.0,0.0,0.0,0.0,0.0,0.0,0.0,0.0
601,6010,384.6257077931723,12.6,0.0,0.0,0.0,0.0,0.0,1.0,0.0,0.0
602,6020,385.25637135552057,-75.6,0.0,0.0,0.0,0.0,0.0,0.0,0.0,0.0
603,6030,385.8870349178688,12.6,0.0,0.0,0.0,0.0,0.0,1.0,0.0,0.0
604,6040,386.517698480217,37.8,0.0,0.0,0.0,0.0,0.0,1.0,0.0,0.0
605,6050,387.1483620425653,12.6,0.0,0.0,0.0,0.0,0.0,1.0,0.0,0.0
606,6060,387.7790256049135,12.6,0.0,0.0,0.0,0.0,0.0,1.0,0.0,0.0
607,6070,388.4096891672617,-75.6,0.0,0.0,0.0,0.0,0.0,0.0,0.0,0.0
608,6080,389.04035272960994,-75.6,0.0,0.0,0.0,0.0,0.0,0.0,0.0,0.0
609,6090,389.6710162919582,12.6,0.0,0.0,0.0,0.0,0.0,2.0,0.0,0.0
610,6100,390.3016798543064,12.6,0.0,0.0,0.0,0.0,0.0,1.0,0.0,0.0
611,6110,390.93234341665465,-75.6,0.0,0.0,0.0,0.0,0.0,0.0,0.0,0.0
612,6120,391.5630069790029,-75.6,0.0,0.0,0.0,0.0,0.0,0.0,0.0,0.0
613,6130,392.19367054135114,-75.6,0.0,0.0,0.0,0.0,0.0,0.0,0.0,0.0
614,6140,392.82433410369936,-37.8,0.0,0.0,0.0,0.0,0.0,1.0,0.0,0.0
615,6150,393.45499766604763,-37.8,0.0,0.0,0.0,0.0,0.0,1.0,0.0,0.0
616,6160,394.08566122839585,-37.8,0.0,0.0,0.0,0.0,0.0,1.0,0.0,0.0
617,6170,394.71632479074407,-37.8,0.0,0.0,0.0,0.0,0.0,1.0,0.0,0.0
618,6180,395.34698835309234,-75.6,0.0,0.0,0.0,0.0,0.0,0.0,0.0,0.0
619,6190,395.97765191544056,12.6,0.0,0.0,0.0,0.0,0.0,1.0,0.0,0.0
620,6200,396.6083154777888,-75.6,0.0,0.0,0.0,0.0,0.0,0.0,0.0,0.0
621,6210,397.23897904013705,-75.6,0.0,0.0,0.0,0.0,0.0,0.0,0.0,0.0
622,6220,397.86964260248527,-75.6,0.0,0.0,0.0,0.0,0.0,0.0,0.0,0.0
623,6230,398.5003061648335,-75.6,0.0,0.0,0.0,0.0,0.0,0.0,0.0,0.0
624,6240,399.1309697271817,-75.6,0.0,0.0,0.0,0.0,0.0,0.0,0.0,0.0
625,6250,399.76163328953,12.6,0.0,0.0,0.0,0.0,0.0,1.0,0.0,0.0
626,6260,400.3922968518782,-75.6,0.0,0.0,0.0,0.0,0.0,0.0,0.0,0.0
627,6270,401.0229604142264,-75.6,0.0,0.0,0.0,0.0,0.0,0.0,0.0,0.0
628,6280,401.6536239765747,12.6,0.0,0.0,0.0,0.0,0.0,1.0,0.0,0.0
629,6290,402.2842875389229,12.6,0.0,0.0,0.0,0.0,0.0,2.0,0.0,0.0
630,6300,402.91495110127113,-75.6,0.0,0.0,0.0,0.0,0.0,0.0,0.0,0.0
631,6310,403.5456146636194,-75.6,0.0,0.0,0.0,0.0,0.0,0.0,0.0,0.0
632,6320,404.1762782259676,-75.6,0.0,0.0,0.0,0.0,0.0,0.0,0.0,0.0
633,6330,404.80694178831584,-37.8,0.0,0.0,0.0,0.0,0.0,1.0,0.0,0.0
634,6340,405.4376053506641,-75.6,0.0,0.0,0.0,0.0,0.0,0.0,0.0,0.0
635,6350,406.06826891301233,-37.8,0.0,0.0,0.0,0.0,0.0,1.0,0.0,0.0
636,6360,406.69893247536055,-37.8,0.0,0.0,0.0,0.0,0.0,1.0,0.0,0.0
637,6370,407.3295960377088,-37.8,0.0,0.0,0.0,0.0,0.0,1.0,0.0,0.0
638,6380,407.96025960005704,-75.6,0.0,0.0,0.0,0.0,0.0,0.0,0.0,0.0
639,6390,408.59092316240526,12.6,0.0,0.0,0.0,0.0,0.0,2.0,0.0,0.0
640,6400,409.22158672475354,-37.8,0.0,0.0,0.0,0.0,0.0,1.0,0.0,0.0
641,6410,409.85225028710175,-12.6,0.0,0.0,0.0,0.0,0.0,1.0,0.0,0.0
642,6420,410.48291384945,-75.6,0.0,0.0,0.0,0.0,0.0,0.0,0.0,0.0
643,6430,411.1135774117982,12.6,0.0,0.0,0.0,0.0,0.0,1.0,0.0,0.0
644,6440,411.74424097414646,12.6,0.0,0.0,0.0,0.0,0.0,1.0,0.0,0.0
645,6450,412.3749045364947,-75.6,0.0,0.0,0.0,0.0,0.0,0.0,0.0,0.0
646,6460,413.0055680988429,-12.6,0.0,0.0,0.0,0.0,0.0,1.0,0.0,0.0
647,6470,413.6362316611912,-12.6,0.0,0.0,0.0,0.0,0.0,1.0,0.0,0.0
648,6480,414.2668952235394,-37.8,0.0,0.0,0.0,0.0,0.0,1.0,0.0,0.0
649,6490,414.8975587858876,63.0,0.0,0.0,0.0,0.0,0.0,1.0,0.0,0.0
650,6500,415.5282223482359,-75.6,0.0,0.0,0.0,0.0,0.0,0.0,0.0,0.0
651,6510,416.1588859105841,12.6,0.0,0.0,0.0,0.0,0.0,1.0,0.0,0.0
652,6520,416.7895494729323,-75.6,0.0,0.0,0.0,0.0,0.0,0.0,0.0,0.0
653,6530,417.4202130352806,-75.6,0.0,0.0,0.0,0.0,0.0,0.0,0.0,0.0
654,6540,418.0508765976288,12.6,0.0,0.0,0.0,0.0,0.0,1.0,0.0,0.0
655,6550,418.68154015997703,-37.8,0.0,0.0,0.0,0.0,0.0,1.0,0.0,0.0
656,6560,419.3122037223253,-37.8,0.0,0.0,0.0,0.0,0.0,1.0,0.0,0.0
657,6570,419.9428672846735,-75.6,0.0,0.0,0.0,0.0,0.0,0.0,0.0,0.0
658,6580,420.57353084702174,12.6,0.0,0.0,0.0,0.0,0.0,2.0,0.0,0.0
659,6590,421.20419440936996,-12.6,0.0,0.0,0.0,0.0,0.0,1.0,0.0,0.0
660,6600,421.83485797171824,-75.6,0.0,0.0,0.0,0.0,0.0,0.0,0.0,0.0
661,6610,422.46552153406645,-75.6,0.0,0.0,0.0,0.0,0.0,0.0,0.0,0.0
662,6620,423.0961850964147,12.6,0.0,0.0,0.0,0.0,0.0,1.0,0.0,0.0
663,6630,423.72684865876295,-75.6,0.0,0.0,0.0,0.0,0.0,0.0,0.0,0.0
664,6640,424.35751222111116,-75.6,0.0,0.0,0.0,0.0,0.0,0.0,0.0,0.0
665,6650,424.9881757834594,-12.6,0.0,0.0,0.0,0.0,0.0,1.0,0.0,0.0
666,6660,425.61883934580766,-12.6,0.0,0.0,0.0,0.0,0.0,1.0,0.0,0.0
667,6670,426.2495029081559,-75.6,0.0,0.0,0.0,0.0,0.0,0.0,0.0,0.0
668,6680,426.8801664705041,-37.8,0.0,0.0,0.0,0.0,0.0,1.0,0.0,0.0
669,6690,427.51083003285237,-75.6,0.0,0.0,0.0,0.0,0.0,0.0,0.0,0.0
670,6700,428.1414935952006,-75.6,0.0,0.0,0.0,0.0,0.0,0.0,0.0,0.0
671,6710,428.7721571575488,-37.8,0.0,0.0,0.0,0.0,0.0,1.0,0.0,0.0
672,6720,429.4028207198971,12.6,0.0,0.0,0.0,0.0,0.0,1.0,0.0,0.0
673,6730,430.0334842822453,-75.6,0.0,0.0,0.0,0.0,0.0,0.0,0.0,0.0
674,6740,430.6641478445935,-75.6,0.0,0.0,0.0,0.0,0.0,0.0,0.0,0.0
675,6750,431.29481140694173,-75.6,0.0,0.0,0.0,0.0,0.0,0.0,0.0,0.0
676,6760,431.92547496929,-75.6,0.0,0.0,0.0,0.0,0.0,0.0,0.0,0.0
677,6770,432.5561385316382,-75.6,0.0,0.0,0.0,0.0,0.0,0.0,0.0,0.0
678,6780,433.18680209398644,-12.6,0.0,0.0,0.0,0.0,0.0,1.0,0.0,0.0
679,6790,433.8174656563347,-75.6,0.0,0.0,0.0,0.0,0.0,0.0,0.0,0.0
680,6800,434.44812921868294,-75.6,0.0,0.0,0.0,0.0,0.0,0.0,0.0,0.0
681,6810,435.07879278103115,-75.6,0.0,0.0,0.0,0.0,0.0,0.0,0.0,0.0
682,6820,435.70945634337943,-75.6,0.0,0.0,0.0,0.0,0.0,0.0,0.0,0.0
683,6830,436.34011990572765,-12.6,0.0,0.0,0.0,0.0,0.0,1.0,0.0,0.0
684,6840,436.97078346807587,-75.6,0.0,0.0,0.0,0.0,0.0,0.0,0.0,0.0
685,6850,437.60144703042414,-75.6,0.0,0.0,0.0,0.0,0.0,0.0,0.0,0.0
686,6860,438.23211059277236,-75.6,0.0,0.0,0.0,0.0,0.0,0.0,0.0,0.0
687,6870,438.8627741551206,-75.6,0.0,0.0,0.0,0.0,0.0,0.0,0.0,0.0
688,6880,439.49343771746885,12.6,0.0,0.0,0.0,0.0,0.0,1.0,0.0,0.0
689,6890,440.12410127981707,-75.6,0.0,0.0,0.0,0.0,0.0,0.0,0.0,0.0
690,6900,440.7547648421653,-75.6,0.0,0.0,0.0,0.0,0.0,0.0,0.0,0.0
691,6910,441.38542840451356,12.6,0.0,0.0,0.0,0.0,0.0,1.0,0.0,0.0
692,6920,442.0160919668618,-75.6,0.0,0.0,0.0,0.0,0.0,0.0,0.0,0.0
693,6930,442.64675552921,37.8,0.0,0.0,0.0,0.0,0.0,1.0,0.0,0.0
694,6940,443.2774190915582,-75.6,0.0,0.0,0.0,0.0,0.0,0.0,0.0,0.0
695,6950,443.9080826539065,-75.6,0.0,0.0,0.0,0.0,0.0,0.0,0.0,0.0
696,6960,444.5387462162547,-75.6,0.0,0.0,0.0,0.0,0.0,0.0,0.0,0.0
697,6970,445.1694097786029,-75.6,0.0,0.0,0.0,0.0,0.0,0.0,0.0,0.0
698,6980,445.8000733409512,-75.6,0.0,0.0,0.0,0.0,0.0,0.0,0.0,0.0
699,6990,446.4307369032994,-75.6,0.0,0.0,0.0,0.0,0.0,0.0,0.0,0.0
